business_address,count
"Ground Floor, Bangalore, KA",29
"Floor, Mumbai, MH",26
"18, Kolkata, Howrah, WB",26
"303, Mumbai, MH",25
"12, Ahmedabad, GJ",23
"101, Mumbai, Mumbai City, MH",23
"4, Mumbai, MH",23
"Floor, Bangalore, KA",22
"601, Mumbai, MH",21
"3, Ahmedabad, GJ",21
"301, Mumbai, Mumbai City, MH",21
"1, Kolkata, Howrah, WB",21
"5, Ahmedabad, GJ",21
"7, Kolkata, Howrah, WB",21
"2, Kolkata, Howrah, WB",20
"2, Mumbai, MH",20
"10, Kolkata, Howrah, WB",20
"4, Kolkata, Howrah, WB",20
"2, Mumbai, Mumbai City, MH",20
"3, Kolkata, Howrah, WB",20
"1, Mumbai, MH",19
"301, Mumbai, MH",19
"5, Chennai, TN",18
"16, Kolkata, Howrah, WB",18
"1948. Weaver Forest Way, Morrisville, North Carolina",18
"202, Mumbai, MH",18
"1, Chennai, TN",18
"1, Bangalore, KA",18
"Ground Floor, Mumbai, Mumbai City, MH",18
"6, Mumbai, MH",17
"1108 1340, Orem, Utah",17
"13, Mumbai, MH",17
"101, Mumbai, MH",17
"102, Mumbai, Mumbai City, MH",17
"10, Mumbai, Mumbai City, MH",17
"8, Kolkata, Howrah, WB",17
"301, Ahmedabad, GJ",17
"101, Indore, MP",17
"501, Mumbai, Mumbai City, MH",17
"12, Kolkata, Howrah, WB",17
"201, Mumbai, MH",17
"5, Kolkata, Howrah, WB",17
"702, Mumbai, MH",17
"No.1, Chennai, TN",17
"3401 150, Milan, Indiana",17
"401, Mumbai, Mumbai City, MH",16
"4, Mumbai, Mumbai City, MH",16
"1, Mumbai, Mumbai City, MH",16
"501, Mumbai, MH",16
"##24233 48, Woodland, Alabama",16
"#3, Bangalore, KA",16
"3, Mumbai, MH",16
"15740 Broadway, Portland, Oregon",16
"17 Cummings Way, Edgartown, Massachusetts",15
"502, Mumbai, Mumbai City, MH",15
"1559 5035, null, Leonard, Texas",15
"No.3, Bangalore, KA",15
"00506 Ehorn, Chewelah, Washington",15
"10, Mumbai, MH",15
"21, Kolkata, Howrah, WB",15
"02675 Falling Star Way, <NULL>, Camillus, New York",15
"1361 Trinity Park Dr, Louisville, Kentucky",15
"11, Kolkata, Howrah, WB",15
"3, Mumbai, Mumbai City, MH",15
"22, Ahmedabad, GJ",15
"13, Bangalore, KA",15
"32A Sunrise Cove Camp, Branford, Connecticut",14
"15 1/2 Duck Way, Troy, Maine",14
"39/2475-B1, Ernakulam, KL",14
"Floor, Chennai, TN",14
"6, Kolkata, Howrah, WB",14
"First Floor, Chennai, TN",14
"22, Kolkata, Howrah, WB",14
"58/1, Bangalore., KA",14
"5, Mumbai, Mumbai City, MH",14
"1, Ahmedabad, GJ",14
"17, Kolkata, Howrah, WB",14
"403, Ahmedabad, GJ",14
"No, Bangalore, KA",14
"401, Ahmedabad, GJ",14
"302, Mumbai, Mumbai City, MH",14
"- A, Bareilly, UP",14
"9, Mumbai, Mumbai City, MH",14
"11, Mumbai, MH",14
"##2291 Dante Way, Tucson, Arizona",14
"508-C Sorrells Dr, Jacksonville, Arkansas",14
"307 Green Hill Way, Mount Sterling, Kentucky",13
"601, Mumbai, Mumbai City, MH",13
"302, Mumbai, MH",13
"402, Ahmedabad, GJ",13
"524 Marie Ln, Ballwin, Missouri",13
"824 Alisha Way, Maryville, Tennessee",13
"C/o Rajeev Ranjan, Patna, BR",13
"304, Mumbai, Mumbai City, MH",13
"5267-5269 Hwy 124, Center Ridge, Arkansas",13
"12, Mumbai, MH",13
"501 Rebecca Smith Way, Cecilton, Maryland",13
"47 Overlook Rd, Waltham, Massachusetts",13
"103, Mumbai, MH",13
"Ground Floor, Mumbai, MH",13
