business_name_normalized,count
primary care group,253
ear nose throat group,251
pediatric group,222
womens health group,220
physical therapy group,218
pediatric dental group,216
behavioral health group,215
chiropractic group,209
orthopedic group,208
eye group,207
dental group,205
family group,204
dermatology group,202
vision group,199
urgent care group,198
pediatric dentistry group,198
internal medicine group,197
foot ankle group,191
oncology group,188
urology group,185
meridian llc,184
meridian,182
cardiology group,175
surgical group,172
meridian inc,135
stag llc,135
cedar llc,130
family center,130
slate llc,129
amber llc,127
bureau of transportation,126
citadel llc,120
lynx llc,119
womens health partners,118
sapphire llc,117
office of finance,115
board of public works,115
behavioral health center,115
sterling llc,115
horizon llc,115
cascade,114
office of transportation,114
zenith llc,113
primary care specialists llc,113
cardinal llc,112
vega llc,112
urgent care partners,112
commission on finance,111
falcon llc,110
crestline llc,110
anchor llc,110
board of transportation,110
commission on health,109
bastion llc,109
summit llc,109
department of motor vehicles,108
pediatric associates,108
vision partners,108
urgent care health,108
primary care health,108
aspen llc,107
halcyon,107
board of finance,107
commission on public works,106
urgent care physicians llc,106
urgent care medicine,106
family center llc,105
office of public works,105
office of aging,105
northwind llc,105
halcyon llc,105
willow llc,105
compass llc,105
town of,104
pinnacle llc,104
urgent care physicians,104
behavioral health partners llc,104
behavioral health care associates llc,104
commission on sanitation,104
office of sanitation,104
sterling,104
dental specialists,103
titan llc,103
womens health specialists,103
urgent care specialists,103
vision care associates,103
bureau of sanitation,103
cardiology medicine,103
granite llc,103
township of,103
cascade llc,103
urgent care associates llc,103
primary care physicians,102
lynx,102
compass,102
cornerstone,102
commission on labor,102
apex llc,102
office of education,102
atlas llc,102
