threshold,standard_f05,bipartite_f05,standard_prec,bipartite_prec,standard_rec,bipartite_rec
0.3,0.84819,0.85147,0.88332,0.88783,0.81395,0.81366
0.34,0.85429,0.85647,0.89289,0.89585,0.80869,0.80846
0.38,0.85761,0.85948,0.89833,0.90089,0.80465,0.80444
0.42,0.86037,0.86191,0.90325,0.90538,0.80051,0.80033
0.46,0.86233,0.86365,0.90702,0.90886,0.79675,0.79657
0.5,0.86362,0.8648,0.91001,0.91166,0.79304,0.79287
0.54,0.86445,0.86551,0.91243,0.91393,0.78921,0.78905
0.58,0.86592,0.86647,0.9168,0.91758,0.78262,0.78253
0.62,0.86645,0.86675,0.91964,0.92006,0.77688,0.77681
0.66,0.86644,0.8666,0.9219,0.92214,0.77121,0.77115
0.7,0.86582,0.86596,0.92316,0.92336,0.76624,0.76619
0.74,0.86481,0.86493,0.9241,0.92428,0.76076,0.76071
0.78,0.86269,0.86279,0.92425,0.92441,0.754,0.75396
0.82,0.85926,0.85933,0.92344,0.92354,0.74559,0.74556
0.86,0.85361,0.85362,0.92141,0.92144,0.73323,0.73321
