rule,true_pairs_retrieved,total_true_pairs,pair_recall_percent
raw_name_exact,354118,7638365,4.636044493815103
normalized_name_exact,1655708,7638365,21.676209502949913
raw_address_exact,170074,7638365,2.2265759753559826
normalized_address_exact,631362,7638365,8.265669420091864
country_exact,7638365,7638365,100.0
name_country_exact,1655708,7638365,21.676209502949913
address_country_exact,631362,7638365,8.265669420091864
name_address_exact,99169,7638365,1.298301403507164
name_or_address_exact,2187901,7638365,28.643577519534613
