source1_entity_id,matched_entity_id,matched_source,s1_business_name,matched_business_name,s1_business_address,matched_business_address,s1_country,matched_country,raw_name_exact,normalized_name_exact,raw_address_exact,normalized_address_exact,country_exact,name_country_exact,address_country_exact,name_address_exact,name_or_address_exact,name_token_jaccard,address_token_jaccard,name_char_jaccard,address_char_jaccard,name_levenshtein,address_levenshtein,s1_address_missing,matched_address_missing
S1-747863765,S3-50752311,S3,Sovous Parts,Kelonovi,"1137 Rusk Street, Jacksonville, TX","1137 Rusk Street, Jacksonville, Texas",US,US,False,False,False,False,True,False,False,False,False,0.0,0.6666666666666666,0.0,0.8529411764705882,0.08333333333333337,0.9142857142857143,False,False
S1-170466883,S2-887329236,S2,Ace Media Private Limited,ఏస్ మీడియా ప్రైవేట్ లిమిటెడ్,"R/O Sy No-175 P Pragathi Nagar, Hyderabad, Telangana","R/O SY NO-175 P PRAGATHI NGAAR, HYDERABAD, Telangana",India,India,False,False,False,False,True,False,False,False,False,0.0,0.8181818181818182,0.0,0.88,0.1071428571428571,0.96,False,False
S1-656753428,S2-24659151,S2,Ss Food Private Limited,एसएस फूड प्राइवेट लिमिटेड,"Af-684, Nandgram Near Mother India Public School. Ph. 989, 9487203, Ghaziabad, Uttar Pradesh","AF-0684, Uttar Pradesh, GHAZIABAD, 9487203",India,India,False,False,False,False,True,False,False,False,False,0.0,0.3333333333333333,0.0,0.3333333333333333,0.07999999999999996,0.2790697674418605,False,False
S1-225699309,S2-112952800,S2,Dynamic Estate Private Limited,डायनामिक एस्टेट प्राइवेट लिमिटेड,"Flat No. 5, First Floor, M-47 Greater Kailash 1, New Delhi, Delhi","FLAT NO. 5, NEW DELHI, Delhi",India,India,False,False,False,False,True,False,False,False,False,0.0,0.4166666666666667,0.0,0.32727272727272727,0.09375,0.41666666666666663,False,False
S1-593830742,S3-207597328,S3,Swastik Consultants Private Limited,स्वस्तिक कंसल्टेंट्स प्राइवेट लिमिटेड,"C-152 Rajdhani Park, Nangloi, New Delhi, West Delhi, Delhi","C-152. Rajdhani Park, New Delhi, Rohtak Rd Indtl.complex, दिल्ली",India,India,False,False,False,False,True,False,False,False,False,0.0,0.46153846153846156,0.0,0.3835616438356164,0.08108108108108103,0.4833333333333333,False,False
S1-593830742,S2-225208703,S2,Swastik Consultants Private Limited,स्वस्तिक कंसल्टेंट्स प्राइवेट लिमिटेड,"C-152 Rajdhani Park, Nangloi, New Delhi, West Delhi, Delhi","C-152 RAJDHANI PARK, NEW DELHI, WEST DELHI, Delhi",India,India,False,False,False,False,True,False,False,False,False,0.0,0.875,0.0,0.813953488372093,0.08108108108108103,0.8518518518518519,False,False
S1-789009573,S2-383871912,S2,Hotel Enterprises Limited,होटल एंटरप्राइजेज लिमिटेड,"Wz-187C Shop No.13, 14 Kh. No.47 S/F. Vikaspuri Budhela Village Behind Oxford School, Delhi, West Delhi, Delhi","WZ-187C SHOP NO.13, DELHI, WEST DELHI, Delhi",India,India,False,False,False,False,True,False,False,False,False,0.0,0.3888888888888889,0.0,0.31868131868131866,0.040000000000000036,0.3942307692307693,False,False
S1-318373630,S2-660036492,S2,Red Ventures Private Limited,रेड वेंचर्स प्राइवेट लिमिटेड,"Rajasthan, Jaipur, Banipark, Gokul Apartment, E-3A Kanti Chandra Road, G-1","G-1, BANIPARK, JAIPUR, Rajasthan",India,India,False,False,False,False,True,False,False,False,False,0.0,0.4166666666666667,0.0,0.3142857142857143,0.0714285714285714,0.28985507246376807,False,False
S1-269610470,S3-49080648,S3,Super Premier Properties Pvt Ltd,সুপার প্রিমিয়ার প্রপার্টিজ প্রাইভেট লিমিটেড,"C/O Gopi Nath Debnath, Vill+Post- Bhanukumari, Tufanganj, Cooch Behar, West Bengal","C/o Gopi Nath Debnath, Vill+post- Bhanukumari, Tufanganj, Cooch Behar, পশ্চিমবঙ্গ",India,India,False,False,False,False,True,False,False,False,False,0.0,0.7692307692307693,0.0,0.782051282051282,0.09090909090909094,0.8571428571428572,False,False
S1-269610470,S2-342814985,S2,Super Premier Properties Pvt Ltd,সুপার প্রিমিয়ার প্রপার্টিজ প্রাইভেট লিমিটেড,"C/O Gopi Nath Debnath, Vill+Post- Bhanukumari, Tufanganj, Cooch Behar, West Bengal","C/O GOPI NATH DEBNATH, VILL+POST- BHANUKUMARI, COOCH BEHAR, TUFANGANJ, West Bengal",India,India,False,False,False,False,True,False,False,False,False,0.0,1.0,0.0,0.9154929577464789,0.09090909090909094,0.7402597402597403,False,False
S1-269610470,S2-884494017,S2,Super Premier Properties Pvt Ltd,সুপার প্রিমিয়ার প্রপার্টিজ প্রাইভেট লিমিটেড,"C/O Gopi Nath Debnath, Vill+Post- Bhanukumari, Tufanganj, Cooch Behar, West Bengal","C/O GOPI NATH DEBNATH, VILL+POST- BHANUKUMARI, COOCH BEHAR, TUFANGANJ, West Bengal",India,India,False,False,False,False,True,False,False,False,False,0.0,1.0,0.0,0.9154929577464789,0.09090909090909094,0.7402597402597403,False,False
S1-863031412,S2-518155942,S2,North Energy Private Limited,नॉर्थ एनर्जी प्राइवेट लिमिटेड,"S No:-O-704, Addela Mart, Gaur City-2 Graeter Noida, Noida, Gautam Buddha Nagar, Uttar Pradesh","S NO:-O-04, ADDELA MART, GAUR CITY-2 GRAETER NOIDA, NOIDA, GAUTAM BUDDHA NAGAR, Uttar Pradesh",India,India,False,False,False,False,True,False,False,False,False,0.0,0.8823529411764706,0.0,0.9358974358974359,0.10344827586206895,0.9886363636363636,False,False
S1-863031412,S2-631615245,S2,North Energy Private Limited,नॉर्थ एनर्जी प्राइवेट लिमिटेड,"S No:-O-704, Addela Mart, Gaur City-2 Graeter Noida, Noida, Gautam Buddha Nagar, Uttar Pradesh","S NO:-O-04, ADDELA MART, GAUR CITY-2 GRAETER NOIDA, NOIDA, GAUTAM BUDDHA NAGAR, उत्तर प्रदेश",India,India,False,False,False,False,True,False,False,False,False,0.0,0.6842105263157895,0.0,0.6777777777777778,0.10344827586206895,0.8522727272727273,False,False
S1-863031412,S3-846786490,S3,North Energy Private Limited,नॉर्थ एनर्जी प्राइवेट लिमिटेड,"S No:-O-704, Addela Mart, Gaur City-2 Graeter Noida, Noida, Gautam Buddha Nagar, Uttar Pradesh","Hn 661 S No:-o-704, Noida, Gautam Buddha Nagar, UP",India,India,False,False,False,False,True,False,False,False,False,0.0,0.42105263157894735,0.0,0.4,0.10344827586206895,0.3977272727272727,False,False
S1-863031412,S3-166521737,S3,North Energy Private Limited,नॉर्थ एनर्जी प्राइवेट लिमिटेड,"S No:-O-704, Addela Mart, Gaur City-2 Graeter Noida, Noida, Gautam Buddha Nagar, Uttar Pradesh","उत्तर प्रदेश, Hn 661 S No:-o-704, Noida, Gautam Buddha Nagar",India,India,False,False,False,False,True,False,False,False,False,0.0,0.4,0.0,0.32989690721649484,0.10344827586206895,0.36363636363636365,False,False
S1-678553887,S3-867278101,S3,Raj Trading Private Limited,राज ट्रेडिंग प्राइवेट लिमिटेड,"F6, Delhi, East Delhi, Pvt Office No. 1, G/F, Vijay Block, Lotus Tower, Laxmi Nagar, East Delhi","Pvt Office No. 1, G/f, Vijay Block, Lotus Tower, Laxmi Nagar, East Delhi, दिल्ली, F6",India,India,False,False,False,False,True,False,False,False,False,0.0,0.9375,0.0,0.8227848101265823,0.10344827586206895,0.6511627906976745,False,False
S1-72444401,S2-503949813,S2,New Solutions,न्यू सॉल्यूशंस,"113/154, 1St Floor, Swaroop Nagar, Swarup Nagar, Kanpur Nagar, Uttar Pradesh","113/154, SWARUP NAGAR, KANPUR NAGAR, Uttar Pradesh",India,India,False,False,False,False,True,False,False,False,False,0.0,0.7,0.0,0.7037037037037037,0.0714285714285714,0.6619718309859155,False,False
S1-72444401,S2-973800896,S2,New Solutions,न्यू सॉल्यूशंस,"113/154, 1St Floor, Swaroop Nagar, Swarup Nagar, Kanpur Nagar, Uttar Pradesh","113/154, SWARUP NAGAR, KANPUR NAGAR, Uttar Pradesh",India,India,False,False,False,False,True,False,False,False,False,0.0,0.7,0.0,0.7037037037037037,0.0714285714285714,0.6619718309859155,False,False
S1-473377609,S3-433876173,S3,Wave & Brothers Ltd,Belobrixlum,"Plot No. 65, Mahada Colony, Sai Nagar, Nagpur, Maharashtra","Door No 65, Mahada Colony, Sai Nagar, Nagpur, MH",India,India,False,False,False,False,True,False,False,False,False,0.0,0.6363636363636364,0.0,0.7,0.23529411764705888,0.7735849056603774,False,False
S1-544963976,S3-948681366,S3,Apex Software Private Limited,অ্যাপেক্স সফটওয়্যার প্রাইভেট লিমিটেড,"Office1003, 10Th Floor, 1/1A/2 Mahendra Roy Lane, Kolkata, Kolkata, Howrah, West Bengal","Office1003, 10Th Floor, 1/1A/2 Mahendra Roy Lane, Kolkata, Calcutta, Howrah, WB",India,India,False,False,False,False,True,False,False,False,False,0.0,0.7333333333333333,0.0,0.7530864197530864,0.08108108108108103,0.8271604938271605,False,False
S1-317962372,S2-719452339,S2,Patriot Cardiology,Mirasyn,"3411 Rogers Avenue, Baltimore, MD","ROGERS AVENUE, BALTIMORE, MD",US,US,False,False,False,False,True,False,False,False,False,0.0,0.8,0.0,0.8275862068965517,0.11111111111111116,0.8387096774193549,False,False
S1-819482446,S3-670163046,S3,Vision Logistics Pvt Ltd,विजन लॉजिस्टिक्स प्रा. लि.,"322, Bhaptamau, Budheshwar, Lucknow, Uttar Pradesh","22, Lucknow, उत्तर प्रदेश, Lucknow",India,India,False,False,False,False,True,False,False,False,False,0.0,0.1111111111111111,0.0,0.14035087719298245,0.04166666666666663,0.23913043478260865,False,False
S1-819482446,S2-157548397,S2,Vision Logistics Pvt Ltd,विजन लॉजिस्टिक्स प्रा. लि.,"322, Bhaptamau, Budheshwar, Lucknow, Uttar Pradesh","0322, LUCKNOW, Uttar Pradesh",India,India,False,False,False,False,True,False,False,False,False,0.0,0.42857142857142855,0.0,0.5,0.04166666666666663,0.5217391304347826,False,False
S1-996129543,S2-760324451,S2,First Modern Developers Private Limited,फर्स्ट मॉडर्न डेवलपर्स प्राइवेट लिमिटेड,"Rzc -185, T/F, Kh No. Â 120/1/10, Madhu Vihar, Street No.-2, Uttam Nagar, New Delhi, West Delhi, Delhi","NO. #200 RZC -185, दिल्ली, NEW DELHI",India,India,False,False,False,False,True,False,False,False,False,0.0,0.23809523809523808,0.0,0.17391304347826086,0.05128205128205132,0.21505376344086025,False,False
S1-840126884,S2-719698642,S2,Secure Eye Care Inc,Dovamira,"239 Cooledge Street, Revere, MA","COOLEDGE ST, REVERE, MA",US,US,False,False,False,False,True,False,False,False,False,0.0,0.5,0.0,0.6428571428571429,0.10526315789473684,0.7241379310344828,False,False
S1-641588700,S2-305792099,S2,Universal Industries Pvt Ltd,ইউনিভার্সাল ইন্ডাস্ট্রিজ প্রাইভেট লিমিটেড,"Seth Bagandum Dum, Kolkata, Calcutta, West Bengal","NO. B3/941 SETH BAGANDUM DUM, KOLKATA, CALCUTTA, West Bengal",India,India,False,False,False,False,True,False,False,False,False,0.0,0.7,0.0,0.803921568627451,0.07317073170731703,0.8214285714285714,False,False
S1-271254271,S2-97387003,S2,Future Tech Logistics Limited,फ्यूचर टेक लॉजिस्टिक्स लिमिटेड,"F-124, Dhanshree Tower-1St, Central Spine Vidhyadhar Nagar, Jaipur, Rajasthan","F-A-124, JAIPUR, null, Rajasthan",India,India,False,False,False,False,True,False,False,False,False,0.0,0.3076923076923077,0.0,0.23376623376623376,0.06666666666666665,0.28767123287671237,False,False
S1-926124353,S2-111616404,S2,Guru Technology Private Limited,गुरु टेक्नोलॉजी प्राइवेट लिमिटेड,"306 P.H. Complex 65A Vijay Block Laxmi Nagar, Delhi, East Delhi, Delhi","EAST DELHI, Delhi, 306 P.H. COMPLEX 65A VIJAY BLOCK LAXMI NAGAR",India,India,False,False,False,False,True,False,False,False,False,0.0,1.0,0.0,0.8947368421052632,0.09375,0.3939393939393939,False,False
S1-52723338,S2-255286300,S2,Global Foundation Private Limited,ग्लोबल फाउंडेशन प्राइवेट लिमिटेड,"114 Rajesh Niwasstation Road, Jaysingpur, Kolhapur, Maharashtra","KOLHAPUR, JAYSINGPUR, DOOR NO 114 RAJESH NIWASSTATION ROAD, Maharashtra",India,India,False,False,False,False,True,False,False,False,False,0.0,0.7777777777777778,0.0,0.7647058823529411,0.06060606060606055,0.3088235294117647,False,False
S1-468397979,S2-2842014,S2,Super Management Private Limited,सुपर मैनेजमेंट प्राइवेट लिमिटेड,"Uttar Pradesh, Jyotiba Phule Nagar, Uttar Pradesh, 3A/44Azad Nagar Kanpur","DOOR NO 3A/44AZAD/4 NAGAR KANPUR, UTTAR PRADESH, SHIVRAJPUR, Uttar Pradesh",India,India,False,False,False,False,True,False,False,False,False,0.0,0.5,0.0,0.4714285714285714,0.0625,0.352112676056338,False,False
S1-314714647,S3-192802051,S3,Seabird (India) Projects-Lucknow,Xylonexbrix,"Lucknow, 3/77, Lucknow, Vipul Khand, Opp. Study Hall School Gomtinagar, Uttar Pradesh","3/7, Lucknow, UP",India,India,False,False,False,False,True,False,False,False,False,0.0,0.14285714285714285,0.0,0.1232876712328767,0.06666666666666665,0.17721518987341767,False,False
S1-656753428,S2-153058913,S2,Ss Food Private Limited,एसएस फूड प्राइवेट लिमिटेड,"Af-684, Nandgram Near Mother India Public School. Ph. 989, 9487203, Ghaziabad, Uttar Pradesh","AF-0684, NANDGRAM NEAR MOTHER INDIA PUBLIC SCHOOL. PH. 989, GHAZIABAD, 9487203, उत्तर प्रदेश",India,India,False,False,False,False,True,False,False,False,False,0.0,0.6470588235294118,0.0,0.67,0.07999999999999996,0.6744186046511628,False,False
S1-404359980,S3-325282109,S3,"Allard, Blanch D., P.A.",Soldelta,"5850 Magnuson Boulevard, Gillette, WY","5850 Magnuson Boulevard, Gillette, Wyoming",US,US,False,False,False,False,True,False,False,False,False,0.0,0.6666666666666666,0.0,0.868421052631579,0.21052631578947367,0.875,False,False
S1-930674889,S2-984588028,S2,Unique International Private Limited,யுனிக் இன்டர்நேஷனல் பிரைவேட் லிமிடெட்,"31, Vijayaraghava Road, T.Nagarmadras-17., Madras-17., Chennai, Tamil Nadu","31, CHENNAI, Tamil Nadu",India,India,False,False,False,False,True,False,False,False,False,0.0,0.4,0.0,0.3157894736842105,0.05405405405405406,0.31343283582089554,False,False
S1-540917593,S2-255468856,S2,Gold Constructions Private Limited,गोल्ड कंस्ट्रक्शंस प्राइवेट लिमिटेड,"G-6, Ground Floor, Gupta Apartment, K 139, Kalka Ji, New Delhi, South Delhi, Delhi","G-6, NEW DELHI, SOUTH DELHI, Delhi",India,India,False,False,False,False,True,False,False,False,False,0.0,0.38461538461538464,0.0,0.2923076923076923,0.05714285714285716,0.41333333333333333,False,False
S1-727525751,S3-626055305,S3,Maiga Willison Ftai Clinic,Dovanovi,"204 Wyoma Lane, Schaumburg, IL","00204 Wyoma Ln, Schaumburg, Illinois",US,US,False,False,False,False,True,False,False,False,False,0.0,0.25,0.0,0.5675675675675675,0.11538461538461542,0.7058823529411764,False,False
S1-65633842,S2-537303396,S2,Sai Healthcare Private Limited,സായി ഹെൽത്ത്‌കെയർ പ്രൈവറ്റ് ലിമിറ്റഡ്,"Door No 1/38-B, Uttumadathil, Thrissur, Kerala","H.NO 1/38-B, THRISSUR, Kerala",India,India,False,False,False,False,True,False,False,False,False,0.0,0.6666666666666666,0.0,0.5348837209302325,0.08108108108108103,0.6046511627906976,False,False
S1-271254271,S2-914488891,S2,Future Tech Logistics Limited,फ्यूचर टेक लॉजिस्टिक्स लिमिटेड,"F-124, Dhanshree Tower-1St, Central Spine Vidhyadhar Nagar, Jaipur, Rajasthan","F-A-124, DHANSHREE TOWER-1ST, CENTRAL SPINE VIDHYADHAR NAGAR, JAIPUR, null, Rajasthan",India,India,False,False,False,False,True,False,False,False,False,0.0,0.8461538461538461,0.0,0.868421052631579,0.06666666666666665,0.9125,False,False
S1-271254271,S2-927491418,S2,Future Tech Logistics Limited,फ्यूचर टेक लॉजिस्टिक्स लिमिटेड,"F-124, Dhanshree Tower-1St, Central Spine Vidhyadhar Nagar, Jaipur, Rajasthan","F-A-124, DHANSHREE TOWER-1ST, CENTRAL SPINE VIDHYADHAR NAGAR, JAIPUR, null, Rajasthan",India,India,False,False,False,False,True,False,False,False,False,0.0,0.8461538461538461,0.0,0.868421052631579,0.06666666666666665,0.9125,False,False
S1-416132633,S2-749482774,S2,Gujarat Engineering Private Limited,ಗುಜರಾತ್ ಇಂಜಿನಿಯರಿಂಗ್ ಪ್ರೈವೇಟ್ ಲಿಮಿಟೆಡ್,"214/2, Cauvery Munimarapparoad Nandidurga Road Cross, Bangalore., Bangalore, Karnataka","14/2, CAUVERY MUNIMARAPPAROAD NANDIDURGA ROAD CROSS, BANGALORE, BANGALORE., Karnataka",India,India,False,False,False,False,True,False,False,False,False,0.0,0.8,0.0,0.9850746268656716,0.07894736842105265,0.9876543209876543,False,False
S1-743414419,S2-413529540,S2,Om Products Pvt Ltd,ॐ प्रोडक्ट्स प्रा. लि.,"H-187, Ground Floor Sec-63, Noida, Gautam Buddha Nagar, Uttar Pradesh","H-187, GROUND FLOOR SEC-63, NOIDA, GAUTAM BUDDHA NAGAR, उत्तर प्रदेश",India,India,False,False,False,False,True,False,False,False,False,0.0,0.7142857142857143,0.0,0.6756756756756757,0.050000000000000044,0.8153846153846154,False,False
S1-912664820,S2-978265991,S2,Shivam Good Engineering,शिवम गुड इंजीनियरिंग,"73/21B, Faridabad, Haryana","073/21B, FARIDABAD, HARYANA, हरियाणा",India,India,False,False,False,False,True,False,False,False,False,0.0,0.5,0.0,0.7096774193548387,0.08695652173913049,0.7272727272727273,False,False
S1-57058418,S2-17617229,S2,Sgs Golden Private Limited,Lyravantage,"58, 69 & 70, Raichur Growth Centre, Raichur, Plot No.57, Karnataka","PLOT NO.##57, RAICHUR GROWTH CENTRE, RAICHUR, ಕರ್ನಾಟಕ",India,India,False,False,False,False,True,False,False,False,False,0.0,0.5454545454545454,0.0,0.5344827586206896,0.1923076923076923,0.5254237288135593,False,False
S1-52723338,S3-463920978,S3,Global Foundation Private Limited,ग्लोबल फाउंडेशन प्राइवेट लिमिटेड,"114 Rajesh Niwasstation Road, Jaysingpur, Kolhapur, Maharashtra","Kolhapur, H.no 14 Rajesh Niwasstation Road, Mumbai, MH",India,India,False,False,False,False,True,False,False,False,False,0.0,0.3333333333333333,0.0,0.4647887323943662,0.06060606060606055,0.33333333333333337,False,False
S1-52723338,S3-968349413,S3,Global Foundation Private Limited,ग्लोबल फाउंडेशन प्राइवेट लिमिटेड,"114 Rajesh Niwasstation Road, Jaysingpur, Kolhapur, Maharashtra","#14 Rajesh Niwasstation Road, Mumbai, Kolhapur, MH",India,India,False,False,False,False,True,False,False,False,False,0.0,0.4,0.0,0.5384615384615384,0.06060606060606055,0.6666666666666667,False,False
S1-52723338,S2-521139134,S2,Global Foundation Private Limited,ग्लोबल फाउंडेशन प्राइवेट लिमिटेड,"114 Rajesh Niwasstation Road, Jaysingpur, Kolhapur, Maharashtra","114 RAJESH NIWASSTATION ROAD, KOLHAPUR, JAYSINGPUR, Maharashtra",India,India,False,False,False,False,True,False,False,False,False,0.0,1.0,0.0,0.9310344827586207,0.06060606060606055,0.7666666666666666,False,False
S1-977948756,S2-462160925,S2,Nsp Institute of Technology Group,Soldrexevo,"Jaipur, 45, Jaipur, Rajasthan, Kumawat Colony, Esi Hospital, Ajmer Road Sodala","45, KUMAWAT COLONY, ESI HOSPITAL, AJMER ROAD SODALA, JAIPUR, राजस्थान",India,India,False,False,False,False,True,False,False,False,False,0.0,0.8181818181818182,0.0,0.68,0.12121212121212122,0.4444444444444444,False,False
S1-72444401,S3-505153321,S3,New Solutions,न्यू सॉल्यूशंस,"113/154, 1St Floor, Swaroop Nagar, Swarup Nagar, Kanpur Nagar, Uttar Pradesh","113/154, 1St Floor, Swaroop Nagar, Bhagalpur, Kanpur Nagar, UP",India,India,False,False,False,False,True,False,False,False,False,0.0,0.5833333333333334,0.0,0.639344262295082,0.0714285714285714,0.704225352112676,False,False
S1-969933547,S3-781936828,S3,Innovative Southern Constructions LLP,ಇನೋವೇಟಿವ್ ಸದರ್ನ್ ಕನ್‌ಸ್ಟ್ರಕ್ಷನ್ಸ್ ಎಲ್ಎಲ್‌ಪಿ,"No 148/9, Deeksha Complex, Next To Police Station Megala Beedi, Kengeri, Bengaluru, Bangalore, Karnataka","Deeksha Complex, Next To Police Station Megala Beedi, Kengeri, Bengaluru, Bangalore, No 1-48/9, KA",India,India,False,False,False,False,True,False,False,False,False,0.0,0.7222222222222222,0.0,0.8144329896907216,0.023255813953488413,0.8061224489795918,False,False
S1-216814241,S2-804859350,S2,White Business Private Limited,व्हाइट बिजनेस प्राइवेट लिमिटेड,"Maharashtra, Rajrani Co Op Housing Society Ltd, Cts 463/463/01 T007, Pandit Solicitor Road, 1601, Malad East, Mumbai","1601, RAJRANI CO OP HOUSING SOCIETY LTD, CTS 463/463/01 T007, PANDIT SOLICITOR ROAD, MALAD EAST, MUMBAI, Maharashtra",India,India,False,False,False,False,True,False,False,False,False,0.0,1.0,0.0,0.9150943396226415,0.033333333333333326,0.7454545454545455,False,False
S1-216814241,S2-736349676,S2,White Business Private Limited,व्हाइट बिजनेस प्राइवेट लिमिटेड,"Maharashtra, Rajrani Co Op Housing Society Ltd, Cts 463/463/01 T007, Pandit Solicitor Road, 1601, Malad East, Mumbai","1601, RAJRANI CO OP HOUSING SOCIETY LTD, CTS 463/463/01 T007, PANDIT SOLICITOR ROAD, MALAD EAST, MUMBAI, Maharashtra",India,India,False,False,False,False,True,False,False,False,False,0.0,1.0,0.0,0.9150943396226415,0.033333333333333326,0.7454545454545455,False,False
S1-550565480,S2-789477299,S2,Unique Infotech Private Limited,ಯುನೀಕ್ ಇನ್‌ಫೋಟೆಕ್ ಪ್ರೈವೇಟ್ ಲಿಮಿಟೆಡ್,"Hd-132, Wework Salarpuria Magnificia, Tin Factory, 78, Old Madras Road, Dooravaninagar, Mahadevapura, Next To Kr Puram, Bangalore North, Bangalore, Karnataka","HD-132, BANGALORE NORTH, BANGALORE, Karnataka",India,India,False,False,False,False,True,False,False,False,False,0.0,0.25,0.0,0.22900763358778625,0.08571428571428574,0.2857142857142857,False,False
S1-550565480,S2-769055359,S2,Unique Infotech Private Limited,ಯುನೀಕ್ ಇನ್‌ಫೋಟೆಕ್ ಪ್ರೈವೇಟ್ ಲಿಮಿಟೆಡ್,"Hd-132, Wework Salarpuria Magnificia, Tin Factory, 78, Old Madras Road, Dooravaninagar, Mahadevapura, Next To Kr Puram, Bangalore North, Bangalore, Karnataka","HD-132, BANGALORE NORTH, BANGALORE, ಕರ್ನಾಟಕ",India,India,False,False,False,False,True,False,False,False,False,0.0,0.19047619047619047,0.0,0.15217391304347827,0.08571428571428574,0.22448979591836737,False,False
S1-375410952,S3-610659131,S3,Shiv Construction Private Limited,शिव कंस्ट्रक्शन प्राइवेट लिमिटेड,"32A, 4Th Floor, Block-C, Mansarovar Garden, New Delhi, West Delhi, Delhi","Hn A-482 32A, 4Th Floor, Block-c, Mansarovar Garden, New Delhi, West Delhi, DL",India,India,False,False,False,False,True,False,False,False,False,0.0,0.7142857142857143,0.0,0.859375,0.06060606060606055,0.8333333333333334,False,False
S1-875627709,S3-97797052,S3,Reliable Aerospace Works Inc,Orbievodova,"5 Janie Bird Avenue, Williston, TN","5 Janie Bird Avbnue, Williston, Tennessee",US,US,False,False,False,False,True,False,False,False,False,0.0,0.5,0.0,0.6341463414634146,0.1428571428571429,0.7948717948717949,False,False
S1-435553494,S2-318887105,S2,Urgent Care Medicine LLC,Zephveodrex,"490 Barfield Street, Sour Lake, TX","490 BARFIELD ST, SOUR LAKE, TX",US,US,False,False,False,False,True,False,False,False,False,0.0,0.7142857142857143,0.0,0.8064516129032258,0.16666666666666663,0.875,False,False
S1-573330946,S2-436501677,S2,Anand Life Solutions Private Limited,आनंद लाइफ सॉल्यूशंस प्राइवेट लिमिटेड,"A/141 H Block, M I D C Pimpri, Pune City, Pune, Maharashtra","A/141 H BLOCK, PUNE CITY, Maharashtra",India,India,False,False,False,False,True,False,False,False,False,0.0,0.5833333333333334,0.0,0.6078431372549019,0.08333333333333337,0.6363636363636364,False,False
S1-573330946,S2-797341952,S2,Anand Life Solutions Private Limited,आनंद लाइफ सॉल्यूशंस प्राइवेट लिमिटेड,"A/141 H Block, M I D C Pimpri, Pune City, Pune, Maharashtra","A/141 H BLOCK, PUNE CITY, PUNE, Maharashtra",India,India,False,False,False,False,True,False,False,False,False,0.0,0.5833333333333334,0.0,0.66,0.08333333333333337,0.7272727272727273,False,False
S1-695876215,S2-821311981,S2,Digital Infrastructure Private Limited,ഡിജിറ്റൽ ഇൻഫ്രാസ്ട്രക്ചർ പ്രൈവറ്റ് ലിമിറ്റഡ്,"Building No.Tp Iv-723, Kannanalloor Post, Kollam, Afsal Manzil, Palamukku Junction, Thrikkovilvattom, Kerala","BUILDING NO.TP IV-723, AFSAL MANZIL, PALAMUKKU JUNCTION, THRIKKOVILVATTOM, KANNANALLOOR POST, KOLLAM, Kerala",India,India,False,False,False,False,True,False,False,False,False,0.0,1.0,0.0,0.9696969696969697,0.06818181818181823,0.5098039215686274,False,False
S1-860628289,S3-720129558,S3,Shree Constructions Private Limited,श्री कंस्ट्रक्शंस प्राइवेट लिमिटेड,"680, Near G D M College, New Jaganpura East, Sampatchak, Patna, Bihar","Near G D M College, New Jaganpura East, बिहार, Sampatchak, 680, Patna",India,India,False,False,False,False,True,False,False,False,False,0.0,0.8461538461538461,0.0,0.7285714285714285,0.05714285714285716,0.6875,False,False
S1-860628289,S3-150340370,S3,Shree Constructions Private Limited,श्री कंस्ट्रक्शंस प्राइवेट लिमिटेड,"680, Near G D M College, New Jaganpura East, Sampatchak, Patna, Bihar","680, Sampatchak, Patna, BR",India,India,False,False,False,False,True,False,False,False,False,0.0,0.23076923076923078,0.0,0.2903225806451613,0.05714285714285716,0.359375,False,False
S1-715060836,S2-900486178,S2,Hotel Agro LLP,होटल एग्रो एलएलपी,"P.No. A9-A, Govindpura, Shri Govind Vihar Kalwar, Jaipur, Rajasthan","P.NO. A9-A, JAIPUR, Rajasthan",India,India,False,False,False,False,True,False,False,False,False,0.0,0.5454545454545454,0.0,0.42592592592592593,0.05882352941176472,0.4193548387096774,False,False
S1-676390286,S3-355195619,S3,White Marketing Private Limited,व्हाइट मार्केटिंग प्राइवेट लिमिटेड,"Hn547 Kh No11/10, Gali-11, Shahid Bhagatsingh Colony, Delhi North East, North West Delhi, Delhi","Door No 959 Hn547 Kh No11/10, Delhi North East, North West Delhi, DL",India,India,False,False,False,False,True,False,False,False,False,0.0,0.47058823529411764,0.0,0.44047619047619047,0.08823529411764708,0.5111111111111111,False,False
S1-186513230,S2-884984635,S2,Maa Engineering,माँ इंजीनियरिंग,"B-102 & 103, Ist Floor The Statesman Building, Barakhamba Road, New Delhi, Delhi","292 B-102 & 103, NEW DELHI, BARAKHAMBA ROAD, Delhi",India,India,False,False,False,False,True,False,False,False,False,0.0,0.5384615384615384,0.0,0.4189189189189189,0.06666666666666665,0.43243243243243246,False,False
S1-47845570,S3-326246582,S3,HVT Exchange LLC,Umbrapyra,"2327 Cr 342, Brazoria, TX","#2327 Cr 342, Texas, Brazoria",US,US,False,False,False,False,True,False,False,False,False,0.0,0.6666666666666666,0.0,0.6071428571428571,0.0625,0.6538461538461539,False,False
S1-619955594,S3-400530770,S3,Eastern Builders Private Limited,ईस्टर्न बिल्डर्स प्राइवेट लिमिटेड,"Sno.84/2, Godaun No.25/26 Savant Cornar, Katraj, Pune, Pune, Maharashtra","Pune, महाराष्ट्र, H.no 418. Sno.84/2, Pune",India,India,False,False,False,False,True,False,False,False,False,0.0,0.3333333333333333,0.0,0.15,0.09090909090909094,0.22388059701492535,False,False
S1-619955594,S3-11517365,S3,Eastern Builders Private Limited,ईस्टर्न बिल्डर्स प्राइवेट लिमिटेड,"Sno.84/2, Godaun No.25/26 Savant Cornar, Katraj, Pune, Pune, Maharashtra","No 418. Sno.84/2, Pune, महाराष्ट्र",India,India,False,False,False,False,True,False,False,False,False,0.0,0.35714285714285715,0.0,0.14473684210526316,0.09090909090909094,0.23880597014925375,False,False
S1-619955594,S2-963991385,S2,Eastern Builders Private Limited,ईस्टर्न बिल्डर्स प्राइवेट लिमिटेड,"Sno.84/2, Godaun No.25/26 Savant Cornar, Katraj, Pune, Pune, Maharashtra","SNO.84/2, AMBEGAON BUDRUK, Maharashtra",India,India,False,False,False,False,True,False,False,False,False,0.0,0.2857142857142857,0.0,0.2236842105263158,0.09090909090909094,0.417910447761194,False,False
S1-729963283,S2-95253926,S2,Lakshmi Food Pvt Ltd,लक्ष्मी फूड प्रा. लि.,"29, Ujagar Industrial Estate, Wtp Marg, Deonar, Mumbai, Maharashtra","29, NULL, DEONAR, Maharashtra",India,India,False,False,False,False,True,False,False,False,False,0.0,0.3,0.0,0.28125,0.09999999999999998,0.4032258064516129,False,False
S1-878594487,S2-396815823,S2,East Energy Private Limited,ईस्ट एनर्जी प्राइवेट लिमिटेड,"132 Aggarwal Bunglow, Shiravali Baramati, Baramati, Pune, Maharashtra","JALOCHI, H.NO 132 AGGARWAL BUNGLOW, BARAMATI, Maharashtra",India,India,False,False,False,False,True,False,False,False,False,0.0,0.5,0.0,0.5294117647058824,0.1071428571428571,0.4307692307692308,False,False
S1-969933547,S2-225077,S2,Innovative Southern Constructions LLP,ಇನೋವೇಟಿವ್ ಸದರ್ನ್ ಕನ್‌ಸ್ಟ್ರಕ್ಷನ್ಸ್ ಎಲ್ಎಲ್‌ಪಿ,"No 148/9, Deeksha Complex, Next To Police Station Megala Beedi, Kengeri, Bengaluru, Bangalore, Karnataka","#148/9, DEEKSHA COMPLEX, NEXT TO POLICE STATION MEGALA BEEDI, KENGERI, BENGALURU, BANGALORE, Karnataka",India,India,False,False,False,False,True,False,False,False,False,0.0,0.9333333333333333,0.0,0.967032967032967,0.023255813953488413,0.9693877551020408,False,False
S1-351054462,S3-417996002,S3,"Julietta Rison, DO",Zetaarchalo,"1201 Ashwaubenon Street, Village Of Ashwaubenon, WI","1201 Ashwaubenon Strent, <NULL>, Village Of Ashwaubenon, Wisconsin",US,US,False,False,False,False,True,False,False,False,False,0.0,0.4444444444444444,0.0,0.5925925925925926,0.2941176470588235,0.7619047619047619,False,False
S1-590535393,S3-416803521,S3,Krishna Engineering Private Limited,कृष्ण इंजीनियरिंग प्राइवेट लिमिटेड,"657, Sector-15, Faridabad, Haryana","Sector-15, Faridabad, HR, 657/2",India,India,False,False,False,False,True,False,False,False,False,0.0,0.5714285714285714,0.0,0.6176470588235294,0.05714285714285716,0.6451612903225806,False,False
S1-590535393,S2-935949898,S2,Krishna Engineering Private Limited,कृष्ण इंजीनियरिंग प्राइवेट लिमिटेड,"657, Sector-15, Faridabad, Haryana","657, SECTOR-15, FARIDABAD, हरियाणा",India,India,False,False,False,False,True,False,False,False,False,0.0,0.6666666666666666,0.0,0.6111111111111112,0.05714285714285716,0.7741935483870968,False,False
S1-590535393,S2-751409360,S2,Krishna Engineering Private Limited,कृष्णा इंजीनियरिंग प्राइवेट लिमिटेड,"657, Sector-15, Faridabad, Haryana","657, FARIDABAD, SECTOR-15, Haryana",India,India,False,False,False,False,True,False,False,False,False,0.0,1.0,0.0,0.8125,0.05714285714285716,0.4193548387096774,False,False
S1-890659386,S3-374828820,S3,International Care Limited,ఇంటర్నేషనల్ కేర్ లిమిటెడ్,"H. No. 14-1-90/171, Telangana, Hyderabad, Gayathri Nagar Allapur, Borabanda, Hyderabad","No 1-14-1-90/171, Hyderabad, TG",India,India,False,False,False,False,True,False,False,False,False,0.0,0.46153846153846156,0.0,0.3142857142857143,0.038461538461538436,0.31645569620253167,False,False
S1-890659386,S3-63602516,S3,International Care Limited,ఇంటర్నేషనల్ కేర్ లిమిటెడ్,"H. No. 14-1-90/171, Telangana, Hyderabad, Gayathri Nagar Allapur, Borabanda, Hyderabad","No 1-14-1-90/171, Hyderabad, TG",India,India,False,False,False,False,True,False,False,False,False,0.0,0.46153846153846156,0.0,0.3142857142857143,0.038461538461538436,0.31645569620253167,False,False
S1-445765356,S3-311979756,S3,Dream Systems Pvt Ltd,ड्रीम सिस्टम्स प्रा. लि.,"Haveli, Shanti Vihar Apts, Sn, O. 19/619/67/2, Bavdhan Kh, Maharashtra, B/25, Pune","B/##25, Shanti Vihar Apts, Sn, O. 19/619/67/2, Bavdhan Kh, Haveli, Pune, MH",India,India,False,False,False,False,True,False,False,False,False,0.0,0.8823529411764706,0.0,0.7066666666666667,0.09090909090909094,0.6891891891891893,False,False
S1-783255703,S3-54537545,S3,Global It Private Limited,ग्लोबल आईटी प्राइवेट लिमिटेड,"H.No 81 First Floor Ramprastha Greens Vaishali Sector 7, Ghaziabad, Uttar Pradesh","H.no 81 First Floor Ramprastha Greens Vaishali Sector 7, Ghaziabad, UP",India,India,False,False,False,False,True,False,False,False,False,0.0,0.7857142857142857,0.0,0.8421052631578947,0.1071428571428571,0.8607594936708861,False,False
S1-783255703,S3-879350076,S3,Global It Private Limited,Quogild,"H.No 81 First Floor Ramprastha Greens Vaishali Sector 7, Ghaziabad, Uttar Pradesh","H.no 81 First Floor Ramprastha Greens Vaishali Sector 7, Ghaziabad, उत्तर प्रदेश",India,India,False,False,False,False,True,False,False,False,False,0.0,0.7333333333333333,0.0,0.7241379310344828,0.16000000000000003,0.8481012658227848,False,False
S1-742884673,S2-146914092,S2,Aditya Builders Private Limited,आदित्य बिल्डर्स प्राइवेट लिमिटेड,"Plot No. 32, Near Spandan Hospital, Dhantoli, Nagpur, Maharashtra","H.NO 32, NEAR SPANDAN HOSPITAL, DHANTOLI, NAGPUR, Maharashtra",India,India,False,False,False,False,True,False,False,False,False,0.0,0.8,0.0,0.9152542372881356,0.09375,0.9333333333333333,False,False
S1-475734441,S2-911726152,S2,My Impex Private Limited,माय इम्पेक्स प्राइवेट लिमिटेड,"246A Hari Nagar Ashram, New Delhi, South Delhi, Delhi","H.NO 246A HARI NAGAR ASHRAM, NEW DELHI, SOUTH DELHI, दिल्ली",India,India,False,False,False,False,True,False,False,False,False,0.0,0.7,0.0,0.76,0.10344827586206895,0.8035714285714286,False,False
S1-868364231,S3-61046396,S3,South Systems Private Limited,साउथ सिस्टम्स प्राइवेट लिमिटेड,"J52 S Block Midc Bhosari Pune, Pune, Maharashtra","J52 S Block Midc Bhosari Pune, Pune, MH",India,India,False,False,False,False,True,False,False,False,False,0.0,0.75,0.0,0.7317073170731707,0.06666666666666665,0.8043478260869565,False,False
S1-868364231,S3-864174028,S3,South Systems Private Limited,साउथ सिस्टम्स प्राइवेट लिमिटेड,"J52 S Block Midc Bhosari Pune, Pune, Maharashtra","Pune, J52 S Block Midc Bhosari Pune, Pune, MH",India,India,False,False,False,False,True,False,False,False,False,0.0,0.75,0.0,0.6976744186046512,0.06666666666666665,0.6956521739130435,False,False
S1-868364231,S3-235476640,S3,South Systems Private Limited,साउथ सिस्टम्स प्राइवेट लिमिटेड,"J52 S Block Midc Bhosari Pune, Pune, Maharashtra","J52 S Block Midc Bhosari Pune, Pune, महाराष्ट्र",India,India,False,False,False,False,True,False,False,False,False,0.0,0.75,0.0,0.58,0.06666666666666665,0.7608695652173914,False,False
S1-868364231,S2-185260777,S2,South Systems Private Limited,साउथ सिस्टम्स प्राइवेट लिमिटेड,"J52 S Block Midc Bhosari Pune, Pune, Maharashtra","J##52 S BLOCK MIDC BHOSARI PUNE, PUNE, महाराष्ट्र",India,India,False,False,False,False,True,False,False,False,False,0.0,0.5,0.0,0.5384615384615384,0.06666666666666665,0.7391304347826086,False,False
S1-562785413,S2-445763629,S2,Blue Estate Private Limited,ब्लू एस्टेट प्राइवेट लिमिटेड,"Office No-40, 3Rd Floor, 9 Keshavji Naik Street, Masjid Bunder, Mumbai, Maharashtra","OFFICE NO-40, Maharashtra, MUMBAI, 3RD FLOOR, 9 KESHAVJI NAIK STREET, MASJID BUNDER",India,India,False,False,False,False,True,False,False,False,False,0.0,1.0,0.0,0.8987341772151899,0.1071428571428571,0.5128205128205128,False,False
S1-603113557,S2-576360790,S2,HJQ Pinnacle Bread LLC,Umbrariza,"4998 Vt Route 100, Wardsboro, VT","VT, WARDSBORO, 4998 VT ROUTE 100",US,US,False,False,False,False,True,False,False,False,False,0.0,1.0,0.0,0.8,0.13636363636363635,0.1333333333333333,False,False
S1-462251715,S2-488774011,S2,Big International Pvt Ltd,बिग इंटरनेशनल प्रा. लि.,"Maharashtra, A/202 Vihar Apt Ambedkar, Thane, Vasai, Ngr Achole Gaon","A/202 VIHAR APT AMBEDKAR, VASAI, THANE, Maharashtra",India,India,False,False,False,False,True,False,False,False,False,0.0,0.7272727272727273,0.0,0.6349206349206349,0.07999999999999996,0.484375,False,False
S1-458719232,S3-537054571,S3,Start Submersible LLP,Ectoquo,"Srila Park Pride Hydernagar, Miyapur, Tirumalagiri, Rangareddy, M-7, Hyderabad, Telangana","Srila Park Pride Hydernagar, Miyapur, Tirumalagiri, Hyderabad, Rangareddy, Andhra Pradesh, Plot 617 M-7",India,India,False,False,False,False,True,False,False,False,False,0.0,0.6666666666666666,0.0,0.6363636363636364,0.09523809523809523,0.6597938144329897,False,False
S1-739980840,S3-543001983,S3,Bright Developers LLP,బ్రైట్ డెవలపర్స్ ఎల్‌ఎల్‌పీ,"Flat No.28, H.No.8-2-350/1/3/Drd No.3, Banjara Hills, Hyderabad, Telangana","Flat No.28, Banjara Hills, Hyderabad, TG",India,India,False,False,False,False,True,False,False,False,False,0.0,0.4,0.0,0.5076923076923077,0.03703703703703709,0.5285714285714286,False,False
S1-526618499,S3-201810593,S3,Seven East Investment Private Limited,సెవెన్ ఈస్ట్ ఇన్వెస్ట్‌మెంట్ ప్రైవేట్ లిమిటెడ్,"Pno-2, Avani Residency, Venkata Ramana Colony, Tirumalagiri, Hyderabad, Telangana","Pno-2, Avani Residency, Venkata Ramana Colony, Tirumalagiri, Hyderabad, TG",India,India,False,False,False,False,True,False,False,False,False,0.0,0.8181818181818182,0.0,0.8918918918918919,0.08695652173913049,0.9078947368421053,False,False
S1-526618499,S3-340370523,S3,Seven East Investment Private Limited,సెవెన్ ఈస్ట్ ఇన్వెస్ట్‌మెంట్ ప్రైవేట్ లిమిటెడ్,"Pno-2, Avani Residency, Venkata Ramana Colony, Tirumalagiri, Hyderabad, Telangana","Pno-2, Avani Residency, Venkata Ramana Colony, Tirumalagiri, Hyderabad, TG",India,India,False,False,False,False,True,False,False,False,False,0.0,0.8181818181818182,0.0,0.8918918918918919,0.08695652173913049,0.9078947368421053,False,False
S1-526618499,S2-239545309,S2,Seven East Investment Private Limited,సెవెన్ ఈస్ట్ ఇన్వెస్ట్‌మెంట్ ప్రైవేట్ లిమిటెడ్,"Pno-2, Avani Residency, Venkata Ramana Colony, Tirumalagiri, Hyderabad, Telangana","HYDERABAD, AVANI RESIDENCY, VENKATA RAMANA COLONY, PNO-2, TIRUMALAGIRI, తెలంగాణ",India,India,False,False,False,False,True,False,False,False,False,0.0,0.8181818181818182,0.0,0.7261904761904762,0.08695652173913049,0.5526315789473684,False,False
S1-850329465,S2-549845632,S2,Smart Technologies LLP,स्मार्ट टेक्नोलॉजीज एलएलपी,"1801, Tower Cc2, Supertech Capetown, Gh-01/A, Sector-74, Noida, Gautam Buddha Nagar, Uttar Pradesh","1801/2, TOWER CC2, SUPERTECH CAPETOWN, GH-01/A, SECTOR-74, GAUTAM BUDDHA NAGAR, DAYANTPUR, Uttar Pradesh",India,India,False,False,False,False,True,False,False,False,False,0.0,0.8333333333333334,0.0,0.78,0.038461538461538436,0.8144329896907216,False,False
S1-422940009,S3-150240461,S3,Arihant Projects Limited,অরিহন্ত প্রজেক্টস লিমিটেড,"C 02 Flat Jaivayu Viharsector Iii Saltlake, Kolkata, North 24 Parganas, West Bengal","C 02- Flat Jaivayu Viharsector Iii Saltlake, Kolkata, 24 Paraganas North, WB",India,India,False,False,False,False,True,False,False,False,False,0.0,0.6666666666666666,0.0,0.7411764705882353,0.07999999999999996,0.7875,False,False
S1-591890080,S3-336190820,S3,Shree Finance Private Limited,श्री फाइनेंस प्राइवेट लिमिटेड,"7/26, F/F Jwala Nagar, Shahdara, Delhi, East Delhi, Delhi","Plot 680 7/26, Delhi, East Delhi, DL",India,India,False,False,False,False,True,False,False,False,False,0.0,0.36363636363636365,0.0,0.29411764705882354,0.06896551724137934,0.4423076923076923,False,False
S1-629039552,S3-827464109,S3,Eastern Enterprises Private Limited,ईस्टर्न एंटरप्राइजेज प्राइवेट लिमिटेड,"1/1, Unnat Nagar Part-2, M G Road, Goregaon (West), Goregaon West, Mumbai, Maharashtra","1/1, Goregaon West, Mumbai, MH",India,India,False,False,False,False,True,False,False,False,False,0.0,0.3076923076923077,0.0,0.35384615384615387,0.08108108108108103,0.34615384615384615,False,False
S1-629039552,S2-116225551,S2,Eastern Enterprises Private Limited,ईस्टर्न एंटरप्राइजेज प्राइवेट लिमिटेड,"1/1, Unnat Nagar Part-2, M G Road, Goregaon (West), Goregaon West, Mumbai, Maharashtra","1/1, UNNAT NAGAR PART-2, M G ROAD, GOREGAON (WEST), GOREGAON WEST, MUMBAI, महाराष्ट्र",India,India,False,False,False,False,True,False,False,False,False,0.0,0.8461538461538461,0.0,0.7123287671232876,0.08108108108108103,0.858974358974359,False,False
S1-591890080,S2-82269532,S2,Shree Finance Private Limited,श्री फाइनेंस प्राइवेट लिमिटेड,"7/26, F/F Jwala Nagar, Shahdara, Delhi, East Delhi, Delhi","7/26, DELHI",India,India,False,False,False,False,True,False,False,False,False,0.0,0.375,0.0,0.17073170731707318,0.06896551724137934,0.1923076923076923,False,False
