source,rule,true_pairs,retrieved,recall_percent
S2,raw_name_exact,3693619,174617,4.72753145356898
S2,normalized_name_exact,3693619,785716,21.27225358110839
S2,raw_address_exact,3693619,5,0.00013536859107558198
S2,normalized_address_exact,3693619,460921,12.478845273429663
S2,country_exact,3693619,3693619,100.0
S2,name_country_exact,3693619,785716,21.27225358110839
S2,address_country_exact,3693619,460921,12.478845273429663
S2,name_address_exact,3693619,98958,2.679161007131488
S2,name_or_address_exact,3693619,1147679,31.071937847406566
S3,raw_name_exact,3944746,179501,4.550381697579515
S3,normalized_name_exact,3944746,869992,22.05444913310008
S3,raw_address_exact,3944746,170069,4.311278850400001
S3,normalized_address_exact,3944746,170441,4.320709115365096
S3,country_exact,3944746,3944746,100.0
S3,name_country_exact,3944746,869992,22.05444913310008
S3,address_country_exact,3944746,170441,4.320709115365096
S3,name_address_exact,3944746,211,0.005348886848481499
S3,name_or_address_exact,3944746,1040222,26.369809361616692
