source1_entity_id,missed_target_id,s1_country,s1_name,s1_address
S1-796421498,S3-327045131,India,Creative Projects Limited,"12Thfloor, C, 1204, Roya Oasis, Jankalyan Nagarmalvani, Nr Billabong School, Malad W, Mumbai, Mumbai City, Maharashtra"
S1-796421498,S3-14934788,India,Creative Projects Limited,"12Thfloor, C, 1204, Roya Oasis, Jankalyan Nagarmalvani, Nr Billabong School, Malad W, Mumbai, Mumbai City, Maharashtra"
S1-796421498,S2-216890887,India,Creative Projects Limited,"12Thfloor, C, 1204, Roya Oasis, Jankalyan Nagarmalvani, Nr Billabong School, Malad W, Mumbai, Mumbai City, Maharashtra"
S1-97176033,S3-581985190,India,Lakshmi Consultants Private Limited,"A-301, New Sai Dham Chsl, Ramdev Park Road, Thane, Maharashtra"
S1-97176033,S3-920892404,India,Lakshmi Consultants Private Limited,"A-301, New Sai Dham Chsl, Ramdev Park Road, Thane, Maharashtra"
S1-97176033,S2-682551972,India,Lakshmi Consultants Private Limited,"A-301, New Sai Dham Chsl, Ramdev Park Road, Thane, Maharashtra"
S1-97176033,S2-70702077,India,Lakshmi Consultants Private Limited,"A-301, New Sai Dham Chsl, Ramdev Park Road, Thane, Maharashtra"
S1-983540069,S3-128967763,India,Ss Technology Private Limited,"Shop No. 1164, Pvt No.2, First Floor Kucha Mahajani, Chandni Chowk, Delhi, Central Delhi, Delhi"
S1-983540069,S3-18925596,India,Ss Technology Private Limited,"Shop No. 1164, Pvt No.2, First Floor Kucha Mahajani, Chandni Chowk, Delhi, Central Delhi, Delhi"
S1-426953208,S3-330819499,US,Heritage Society LLC,"139 Fort Graham Road, Whitney, TX"
S1-33984562,S3-128384129,US,Slate PLLC,"735 Charlton Street, Southbridge, MA"
S1-709960468,S3-89755169,US,Apex Center,"4 Hillside Court, Coxsackie, NY"
S1-709960468,S3-347400419,US,Apex Center,"4 Hillside Court, Coxsackie, NY"
S1-975412735,S2-688089654,US,Preferred Business Systems Inc,"Loudoun County, 23355 Florina Court, VA"
S1-721469485,S3-285139890,US,Primary Care Center of Staten Island Inc,"130 Hunter Avenue, Staten Island, NY"
S1-216733182,S2-860721008,India,Spak Brothers,"304/A, Shyamal Kunj 2, B/H Arya Shri, Opp Pentagon Appartment, Rajkot, Gujarat"
S1-369198632,S3-871488044,US,Federman Chimera Associates,"Charlotte, 9214 Arbor Creek Drive, NC"
S1-589302928,S3-621332247,US,Munoz & Kaufman Inc,"408 Hancock Street, Richmond City, VA"
S1-322066165,S2-634792347,US,Heartland Goldman,"704 Carolina Street, Hoxie, AR"
S1-680416224,S2-157721942,India,Tech Infotech Private Limited,"Sri Siddi Vinayaka Apartm, Telangana, Karimnagar, Karim Nagar, 8-6-375/3/8"
S1-680416224,S2-192452091,India,Tech Infotech Private Limited,"Sri Siddi Vinayaka Apartm, Telangana, Karimnagar, Karim Nagar, 8-6-375/3/8"
S1-680416224,S2-211421430,India,Tech Infotech Private Limited,"Sri Siddi Vinayaka Apartm, Telangana, Karimnagar, Karim Nagar, 8-6-375/3/8"
S1-867998778,S2-126598464,India,Premier Sunrise International Private Limited,"House, 40/445, Mamangalam, Palarivattom P.O, Ernakulam, Ernakulam, Kerala"
S1-867998778,S2-648058432,India,Premier Sunrise International Private Limited,"House, 40/445, Mamangalam, Palarivattom P.O, Ernakulam, Ernakulam, Kerala"
S1-867998778,S3-807085228,India,Premier Sunrise International Private Limited,"House, 40/445, Mamangalam, Palarivattom P.O, Ernakulam, Ernakulam, Kerala"
S1-175111461,S3-473343865,US,Dermatology Medicine LLC,"1051 Van Buren Avenue, Indian Trail, NC"
S1-193618187,S2-641725400,US,YWH Convertible LLC,"6220 Harvest Street, Springfield, OH"
S1-585107938,S3-644100647,India,Kolkata Services Limited,"70 71 Nainan Para Lane, Kolkata, Calcutta, West Bengal"
S1-585107938,S2-162466262,India,Kolkata Services Limited,"70 71 Nainan Para Lane, Kolkata, Calcutta, West Bengal"
S1-694830809,S2-729615137,India,Saran India Private Limited,"House No. 253 Block Road Ekma, Ekma, Saran, Bihar"
S1-694830809,S2-960545687,India,Saran India Private Limited,"House No. 253 Block Road Ekma, Ekma, Saran, Bihar"
S1-904306643,S2-827738149,US,Atlantic Desert National PC,"16 Corcoran Court, Syracuse, NY"
S1-219732879,S2-891547877,India,OIS Services Ltd,"Kamman Halli, 1St Floor 5Th Main, Kullappa Circle, No.8, Bangalore, Karnataka"
S1-219732879,S2-582261003,India,OIS Services Ltd,"Kamman Halli, 1St Floor 5Th Main, Kullappa Circle, No.8, Bangalore, Karnataka"
S1-219732879,S3-501279927,India,OIS Services Ltd,"Kamman Halli, 1St Floor 5Th Main, Kullappa Circle, No.8, Bangalore, Karnataka"
S1-128350097,S2-121897499,US,"Fu, Emmert & Perkins Oaktree","1710 Mount Hood Street, The Dalles, OR"
S1-128350097,S3-541751359,US,"Fu, Emmert & Perkins Oaktree","1710 Mount Hood Street, The Dalles, OR"
S1-128350097,S2-268413508,US,"Fu, Emmert & Perkins Oaktree","1710 Mount Hood Street, The Dalles, OR"
S1-313448121,S3-830195342,US,Signature Nutrition Group,"2006 Presbury Street, Baltimore, MD"
S1-632088756,S3-891701181,India,AH Agro Private Limited,"Site No. 4, Golden Industrial Layout Kaniyur Village, Coimbatore, Tamil Nadu"
S1-632088756,S3-581108700,India,AH Agro Private Limited,"Site No. 4, Golden Industrial Layout Kaniyur Village, Coimbatore, Tamil Nadu"
S1-632088756,S2-180876391,India,AH Agro Private Limited,"Site No. 4, Golden Industrial Layout Kaniyur Village, Coimbatore, Tamil Nadu"
S1-632088756,S2-461454382,India,AH Agro Private Limited,"Site No. 4, Golden Industrial Layout Kaniyur Village, Coimbatore, Tamil Nadu"
S1-632088756,S3-326643597,India,AH Agro Private Limited,"Site No. 4, Golden Industrial Layout Kaniyur Village, Coimbatore, Tamil Nadu"
S1-450636499,S3-373544816,India,Arihant Technology Private Limited,"Sno-21/1, 21/3 Flat-C/22, Ganesh Garden, Dapodi, Pune, Maharashtra"
S1-109450074,S3-805634465,India,Hex (India) Enclave LLP,"405, Cloud 9 Towers, Sector-1, Vaishali, Ghaziabad, Uttar Pradesh"
S1-757078074,S2-308074507,US,SA Enbridge Inc.,"17119 Carriage Dale Court, Spring, TX"
S1-876916368,S3-877739558,US,Capital Group P.C.,"927 Willow Springs Dr, Lyndon, KY"
S1-340781155,S2-247010165,India,International Food Private Limited,"Gujarat, Plot No. 6/1919, Surat, 3Rd Floor, Office No. 302, Prayosha Apartment, Jadakhadi, Mahidharp, Ura"
S1-340781155,S3-611301831,India,International Food Private Limited,"Gujarat, Plot No. 6/1919, Surat, 3Rd Floor, Office No. 302, Prayosha Apartment, Jadakhadi, Mahidharp, Ura"
S1-340781155,S2-389438141,India,International Food Private Limited,"Gujarat, Plot No. 6/1919, Surat, 3Rd Floor, Office No. 302, Prayosha Apartment, Jadakhadi, Mahidharp, Ura"
S1-340781155,S3-871710005,India,International Food Private Limited,"Gujarat, Plot No. 6/1919, Surat, 3Rd Floor, Office No. 302, Prayosha Apartment, Jadakhadi, Mahidharp, Ura"
