source1_entity_id,s2_matches,s3_matches,total_matches,matched_entity_ids
S1-274597734,5,6,11,"S2-235561122,S2-399717207,S2-605268028,S2-493503238,S2-99587541,S3-870484165,S3-307006099,S3-355625986,S3-214569880,S3-854399127,S3-946237340"
S1-83149500,5,6,11,"S2-900789342,S2-853474906,S2-882475241,S2-397036823,S2-344520493,S3-73735654,S3-396366991,S3-985410996,S3-710816296,S3-299625950,S3-555699494"
S1-788836955,5,6,11,"S2-270620134,S2-545251131,S2-824881705,S2-381262575,S2-78435572,S3-376679468,S3-766149105,S3-447634649,S3-610603089,S3-262982936,S3-731588339"
S1-709509922,5,6,11,"S2-119813896,S2-212524004,S2-85900775,S2-828659312,S2-609178914,S3-335364690,S3-838799764,S3-725314628,S3-508459769,S3-369547734,S3-843872682"
S1-922469887,5,6,11,"S2-374317917,S2-865292746,S2-48795525,S2-612755348,S2-338750498,S3-353877003,S3-112741439,S3-517378418,S3-292905066,S3-248106716,S3-433885075"
S1-202947021,5,6,11,"S2-840158076,S2-985471974,S2-759961691,S2-296358695,S2-949195435,S3-850731528,S3-803975065,S3-306348494,S3-610629382,S3-169221480,S3-609381246"
S1-745776042,5,6,11,"S2-173308731,S2-848441457,S2-893672651,S2-352821707,S2-118536271,S3-402366268,S3-515036517,S3-692335699,S3-852439278,S3-60708033,S3-165850200"
S1-378932224,5,6,11,"S2-683456420,S2-348270067,S2-814123832,S2-52408692,S2-514463631,S3-510793798,S3-469525509,S3-122734175,S3-649703819,S3-41184247,S3-871830597"
S1-873066411,5,6,11,"S2-308890860,S2-187058817,S2-972165829,S2-772917195,S2-152816909,S3-890673301,S3-358753849,S3-202709766,S3-832109140,S3-477071910,S3-982279471"
S1-98979687,5,6,11,"S2-14894757,S2-551672968,S2-127980615,S2-68688958,S2-622855186,S3-376573533,S3-686847223,S3-935091095,S3-85923322,S3-987070237,S3-444820623"
S1-630169933,5,6,11,"S2-906640847,S2-505973859,S2-917280498,S2-657016614,S2-126046400,S3-899307574,S3-637881706,S3-707853720,S3-935795003,S3-695510747,S3-385848099"
S1-494815052,5,6,11,"S2-11299763,S2-840399326,S2-504122277,S2-24568382,S2-966806006,S3-592752702,S3-657458783,S3-451746954,S3-818637435,S3-22227884,S3-563327918"
S1-4889769,5,6,11,"S2-855665032,S2-140181814,S2-463914306,S2-420200184,S2-183345866,S3-501890749,S3-171783170,S3-16129745,S3-630588392,S3-143782731,S3-785197225"
S1-202191494,5,6,11,"S2-788055041,S2-22414369,S2-70497037,S2-322574019,S2-120929795,S3-15920475,S3-753730354,S3-692638909,S3-166966958,S3-298405127,S3-461763671"
S1-765235386,5,6,11,"S2-974245938,S2-780050080,S2-530977555,S2-999166703,S2-91149265,S3-530547708,S3-139315478,S3-253465500,S3-792739406,S3-78491172,S3-466429859"
S1-6278821,5,6,11,"S2-437861200,S2-943911946,S2-58385913,S2-953505562,S2-685787859,S3-607731898,S3-110798367,S3-338068366,S3-738476694,S3-234955028,S3-689009069"
S1-868855622,5,6,11,"S2-81914843,S2-254713212,S2-19375377,S2-519659973,S2-70983057,S3-416274619,S3-510667455,S3-695915990,S3-74150033,S3-414681666,S3-607156475"
S1-721513933,5,6,11,"S2-497919233,S2-119651780,S2-387359768,S2-301823293,S2-595187611,S3-196464321,S3-382940016,S3-356629418,S3-837009183,S3-423717919,S3-891124755"
S1-796723634,5,6,11,"S2-238647239,S2-825596405,S2-553464480,S2-963189522,S2-116256029,S3-269908319,S3-163327519,S3-813577827,S3-16774672,S3-751626474,S3-516292128"
S1-667470626,5,6,11,"S2-244496472,S2-140798239,S2-761090325,S2-847406757,S2-984605056,S3-106835900,S3-874065803,S3-813247000,S3-420808137,S3-342425785,S3-193091957"
S1-716250610,5,6,11,"S2-336038985,S2-933122497,S2-889863927,S2-984365676,S2-683592950,S3-313437744,S3-923047316,S3-545156089,S3-945059525,S3-917689875,S3-371029763"
S1-394740275,5,6,11,"S2-205353255,S2-485792748,S2-756972024,S2-414033013,S2-521741653,S3-842217784,S3-815368770,S3-834129632,S3-836666734,S3-273652569,S3-274364448"
S1-439823948,5,6,11,"S2-473599419,S2-9772066,S2-900794900,S2-131769420,S2-197844917,S3-976962387,S3-486424690,S3-710328248,S3-597153967,S3-932172538,S3-835612624"
S1-393972796,5,6,11,"S2-56160411,S2-73297215,S2-634531787,S2-245860851,S2-882712790,S3-334708110,S3-56987161,S3-984221088,S3-876839749,S3-40421842,S3-443600931"
S1-652990687,5,6,11,"S2-293123116,S2-49738963,S2-427741161,S2-798966291,S2-363622938,S3-812936734,S3-426972124,S3-116940863,S3-339119359,S3-87431184,S3-54901373"
S1-131957702,5,6,11,"S2-899004706,S2-312445844,S2-523247608,S2-707965258,S2-282005479,S3-119009753,S3-402709664,S3-500888482,S3-260757218,S3-25000516,S3-707099204"
S1-662651729,5,6,11,"S2-715742383,S2-970330969,S2-722699075,S2-482797490,S2-566480858,S3-418079847,S3-576133663,S3-534100537,S3-797182546,S3-261712700,S3-817154303"
S1-958050134,5,6,11,"S2-570502905,S2-57403338,S2-773354554,S2-193905649,S2-262665058,S3-276488390,S3-598908504,S3-7872500,S3-816501561,S3-230035057,S3-196054578"
S1-377963262,5,6,11,"S2-428826375,S2-992296923,S2-616272995,S2-11903242,S2-307949978,S3-836587702,S3-13476414,S3-648625313,S3-605425142,S3-823420374,S3-835189911"
S1-5464840,5,6,11,"S2-339023987,S2-469685256,S2-902469498,S2-114904186,S2-519325782,S3-50560608,S3-482684953,S3-492444881,S3-779516315,S3-397587706,S3-279888604"
S1-906807600,5,6,11,"S2-620582042,S2-669866312,S2-266711693,S2-896295032,S2-47316663,S3-642219344,S3-532706064,S3-268678304,S3-916705940,S3-192602503,S3-98442666"
S1-790293183,5,6,11,"S2-441753720,S2-66973054,S2-807605358,S2-535486014,S2-757445417,S3-161725307,S3-975700569,S3-195716349,S3-12798844,S3-954344,S3-570815929"
S1-611116729,5,6,11,"S2-941369831,S2-771297374,S2-496136040,S2-66257563,S2-313951559,S3-1234189,S3-138199021,S3-180930209,S3-921604003,S3-916645129,S3-542375962"
S1-41341245,5,6,11,"S2-631440176,S2-543567131,S2-732436065,S2-268325174,S2-880564723,S3-166117232,S3-6271477,S3-38589501,S3-319942482,S3-895281087,S3-833190222"
S1-545341102,5,6,11,"S2-533941403,S2-915842708,S2-981815741,S2-918361625,S2-394926175,S3-468266966,S3-732803891,S3-630164484,S3-666339844,S3-744840914,S3-553214138"
S1-806895726,5,6,11,"S2-13215685,S2-894126623,S2-861293919,S2-271433775,S2-656560009,S3-392418217,S3-543081819,S3-586045747,S3-216152992,S3-463528642,S3-663907312"
S1-971572082,5,6,11,"S2-510308121,S2-739933622,S2-475838792,S2-60125947,S2-493767862,S3-562763695,S3-382714397,S3-217531118,S3-532286984,S3-208271176,S3-858563100"
S1-36791691,5,5,10,"S2-341036555,S2-693105949,S2-237870497,S2-795364834,S2-881990416,S3-486430310,S3-415945044,S3-527739598,S3-728213097,S3-679497839"
S1-683039982,5,5,10,"S2-194927146,S2-783637383,S2-998889607,S2-290210701,S2-57457309,S3-918815120,S3-63866708,S3-570265370,S3-667098327,S3-66846597"
S1-182726176,5,5,10,"S2-982074326,S2-391777972,S2-419962368,S2-996474405,S2-351602420,S3-503106689,S3-334144862,S3-307162909,S3-360858195,S3-723896332"
S1-173510180,5,5,10,"S2-235350534,S2-10738893,S2-492330712,S2-152450128,S2-99761567,S3-500827757,S3-935531698,S3-387877935,S3-672594303,S3-65576075"
S1-578419293,5,5,10,"S2-589476654,S2-855282886,S2-510154886,S2-156733737,S2-93761327,S3-977347351,S3-679192966,S3-994233116,S3-37782114,S3-538719322"
S1-845115864,4,6,10,"S2-99519742,S2-279146109,S2-355478843,S2-703268377,S3-116468058,S3-531993085,S3-444409202,S3-785805183,S3-450410178,S3-912250623"
S1-930088095,5,5,10,"S2-656622715,S2-752903533,S2-909954878,S2-264587300,S2-147471726,S3-314948360,S3-149496676,S3-41969177,S3-382296539,S3-125143051"
S1-906431663,5,5,10,"S2-480393007,S2-784287375,S2-218425664,S2-841765948,S2-547645999,S3-602765524,S3-812338585,S3-831357458,S3-967105883,S3-849607696"
S1-572293699,4,6,10,"S2-827208431,S2-75999354,S2-947012957,S2-740792584,S3-732154453,S3-559725245,S3-305361883,S3-243316717,S3-483213243,S3-273654100"
S1-242348041,5,5,10,"S2-188983046,S2-71554670,S2-970583914,S2-636670265,S2-501526794,S3-650083193,S3-541761252,S3-246562273,S3-528883650,S3-440817182"
S1-113182897,5,5,10,"S2-425760745,S2-964010962,S2-597261929,S2-906642708,S2-653896022,S3-840358493,S3-127872456,S3-188387519,S3-543474327,S3-703497148"
S1-897172506,5,5,10,"S2-363427143,S2-750255874,S2-150365800,S2-132101292,S2-846474827,S3-850894295,S3-743976773,S3-98497914,S3-609533138,S3-170903636"
S1-643247471,4,6,10,"S2-688941431,S2-262756833,S2-986241016,S2-514059167,S3-629530322,S3-141734093,S3-215778766,S3-696385343,S3-590829198,S3-204563336"
S1-926014720,4,6,10,"S2-275421106,S2-800432292,S2-52207886,S2-560917190,S3-757153147,S3-120273325,S3-659219511,S3-379445471,S3-300640115,S3-726396124"
S1-931838509,5,5,10,"S2-662165538,S2-50226074,S2-220193570,S2-837226248,S2-943907920,S3-657267766,S3-323667328,S3-918862926,S3-777104129,S3-896704757"
S1-996601566,5,5,10,"S2-108490328,S2-12414014,S2-460119905,S2-113650770,S2-986854784,S3-915782687,S3-707984368,S3-108293115,S3-868043603,S3-352367820"
S1-411496355,5,5,10,"S2-520899761,S2-594184502,S2-932811378,S2-514225952,S2-992361098,S3-998640389,S3-687302013,S3-813474405,S3-49286004,S3-305989026"
S1-584867210,5,5,10,"S2-693662010,S2-664658283,S2-761692416,S2-35415999,S2-317698392,S3-315653147,S3-985205583,S3-307076170,S3-246215388,S3-580344976"
S1-966428565,5,5,10,"S2-825392770,S2-454238408,S2-299667198,S2-110926913,S2-609520667,S3-842599867,S3-876672135,S3-534052648,S3-643912397,S3-889583018"
S1-877474098,5,5,10,"S2-103399679,S2-25260481,S2-208800270,S2-748870438,S2-923718203,S3-14381445,S3-766853371,S3-663482888,S3-496633581,S3-384568880"
S1-82359576,5,5,10,"S2-349073102,S2-265217824,S2-636159542,S2-798953025,S2-689687504,S3-993682975,S3-198483480,S3-53623239,S3-577330861,S3-569381897"
S1-626872546,4,6,10,"S2-749210608,S2-825949224,S2-916860399,S2-437153779,S3-133180542,S3-884074496,S3-403556937,S3-980077088,S3-919115453,S3-628610997"
S1-220770273,5,5,10,"S2-848996729,S2-256407076,S2-554869680,S2-32100392,S2-350070083,S3-226088435,S3-996369849,S3-936279074,S3-471148213,S3-104291484"
S1-991257236,5,5,10,"S2-578393361,S2-758756717,S2-311546715,S2-267955993,S2-749506614,S3-259223240,S3-498104026,S3-432738024,S3-517722613,S3-535190522"
S1-220082127,5,5,10,"S2-795076522,S2-310527720,S2-431714112,S2-169731219,S2-467400603,S3-298072849,S3-544803874,S3-61248132,S3-364416365,S3-345989460"
S1-107119233,5,5,10,"S2-768951187,S2-770058955,S2-145908200,S2-328844196,S2-798802017,S3-250293122,S3-370811110,S3-504228466,S3-751760626,S3-23876053"
S1-642174017,5,5,10,"S2-239661231,S2-17913272,S2-300230639,S2-535276476,S2-394504750,S3-957187086,S3-794057027,S3-661799963,S3-588373030,S3-721961552"
S1-861616042,4,6,10,"S2-412684941,S2-113292276,S2-701370444,S2-847070409,S3-34226988,S3-808130854,S3-751347998,S3-618704996,S3-453773483,S3-491574260"
S1-701902748,5,5,10,"S2-973350161,S2-533783314,S2-525096313,S2-362041902,S2-479910260,S3-944877725,S3-691890740,S3-44168525,S3-457147472,S3-406857885"
S1-780814258,5,5,10,"S2-989751480,S2-179542282,S2-920146610,S2-22671518,S2-909205644,S3-186289787,S3-746971087,S3-302020523,S3-137030282,S3-264236011"
S1-278172749,4,6,10,"S2-167001672,S2-21605906,S2-748887688,S2-591551163,S3-672831420,S3-982958587,S3-208324198,S3-979408277,S3-932781588,S3-711407127"
S1-783113485,5,5,10,"S2-82351835,S2-365794583,S2-652792208,S2-946244484,S2-103937825,S3-364967647,S3-92960247,S3-178659680,S3-489683067,S3-388312852"
S1-288398074,4,6,10,"S2-174818867,S2-898869971,S2-765846347,S2-969256662,S3-510154193,S3-420685202,S3-389474646,S3-277590152,S3-864951508,S3-724324926"
S1-688716024,5,5,10,"S2-801685679,S2-475096457,S2-693154107,S2-343873819,S2-377471981,S3-368034134,S3-954539362,S3-809877024,S3-507027129,S3-798573828"
S1-402966626,4,6,10,"S2-656289074,S2-872036475,S2-891616590,S2-196042997,S3-301049739,S3-638085401,S3-662676489,S3-969398005,S3-349415653,S3-357515894"
S1-60674668,5,5,10,"S2-372737102,S2-340561715,S2-34269391,S2-147148303,S2-693494623,S3-606914922,S3-607209343,S3-521284785,S3-902275741,S3-940965124"
S1-236912651,4,6,10,"S2-943498122,S2-572377145,S2-442791739,S2-625811304,S3-816821482,S3-890123950,S3-319731232,S3-834111612,S3-313994353,S3-293161921"
S1-653901905,5,5,10,"S2-633027581,S2-495054256,S2-234769700,S2-373617180,S2-997345276,S3-857002885,S3-130268243,S3-854759257,S3-914936784,S3-766956235"
S1-6296830,5,5,10,"S2-65485856,S2-14800213,S2-101936308,S2-462001784,S2-339898290,S3-326663407,S3-483187349,S3-788045514,S3-38994278,S3-716412222"
S1-564819377,5,5,10,"S2-1631582,S2-933328327,S2-891029126,S2-202181875,S2-823890687,S3-331210766,S3-955581004,S3-194513068,S3-357852233,S3-411345985"
S1-10483292,4,6,10,"S2-366021123,S2-468296704,S2-346570288,S2-690335350,S3-877143344,S3-717209297,S3-499379976,S3-596291522,S3-29840327,S3-646002328"
S1-351134211,5,5,10,"S2-723766155,S2-61177034,S2-441606075,S2-114947215,S2-34128203,S3-6203544,S3-587140614,S3-942256627,S3-921490876,S3-174525111"
S1-479475717,5,5,10,"S2-743706575,S2-166525278,S2-672607449,S2-167700127,S2-154048139,S3-148060599,S3-697723586,S3-807609890,S3-299569866,S3-664248213"
S1-100597662,5,5,10,"S2-993056533,S2-785853219,S2-920006165,S2-308844222,S2-261675431,S3-438238548,S3-800736541,S3-408790700,S3-817609410,S3-808707342"
S1-692123150,5,5,10,"S2-446902478,S2-364445956,S2-177686729,S2-645447092,S2-959119762,S3-191613030,S3-681485750,S3-877738396,S3-319397293,S3-477839878"
S1-47277687,5,5,10,"S2-232135027,S2-559148633,S2-800061741,S2-711957623,S2-74878273,S3-159025056,S3-490947094,S3-801313126,S3-306140337,S3-727344758"
S1-272699001,5,5,10,"S2-491717817,S2-359702226,S2-257790147,S2-191762543,S2-213298271,S3-665598907,S3-127802308,S3-390415269,S3-694655492,S3-227475592"
S1-444318959,5,5,10,"S2-166483174,S2-459823144,S2-532449853,S2-506181091,S2-665989744,S3-253085417,S3-341772927,S3-793773113,S3-192998307,S3-930032068"
S1-903552625,5,5,10,"S2-584043592,S2-588321829,S2-324929435,S2-583971119,S2-192980786,S3-649120220,S3-534597691,S3-640165732,S3-403227847,S3-354938715"
S1-421963992,4,6,10,"S2-854347031,S2-563371271,S2-953177152,S2-993205978,S3-889260637,S3-417191196,S3-77785341,S3-330114070,S3-349239667,S3-391632970"
S1-864984637,4,6,10,"S2-216009316,S2-323779745,S2-618192583,S2-871086387,S3-958835869,S3-22845636,S3-299695271,S3-367850543,S3-272301945,S3-562299929"
S1-617066870,5,5,10,"S2-201929266,S2-951729972,S2-911795641,S2-172105683,S2-67214757,S3-189916122,S3-626210193,S3-920082528,S3-15124492,S3-202055048"
S1-954872418,5,5,10,"S2-881674218,S2-120660024,S2-89916780,S2-435911657,S2-958289827,S3-87346925,S3-815101353,S3-275282853,S3-941504236,S3-126335638"
S1-724406519,5,5,10,"S2-307011796,S2-875857744,S2-303553651,S2-249786085,S2-765762735,S3-432022411,S3-713853771,S3-437943076,S3-660681721,S3-384934422"
S1-735170415,5,5,10,"S2-369299713,S2-878623182,S2-988181887,S2-33028188,S2-334743199,S3-567039008,S3-693704289,S3-912632262,S3-110971419,S3-836930742"
S1-564181218,5,5,10,"S2-87418350,S2-756707298,S2-103383475,S2-707631962,S2-94406046,S3-496124831,S3-421738780,S3-377407895,S3-993110075,S3-161155631"
S1-342896068,5,5,10,"S2-996115014,S2-731303980,S2-319662172,S2-950658822,S2-167426015,S3-683956746,S3-729430213,S3-591025774,S3-867914743,S3-675908376"
S1-839572884,5,5,10,"S2-566053151,S2-734336488,S2-12512967,S2-150895628,S2-938662486,S3-376453684,S3-140991928,S3-9189288,S3-165586983,S3-684014530"
S1-235173026,5,5,10,"S2-919435547,S2-28779951,S2-267560629,S2-789074601,S2-607730146,S3-425256330,S3-874581311,S3-941858699,S3-129524127,S3-739346276"
S1-530033970,5,5,10,"S2-165094646,S2-961412836,S2-719494254,S2-3144780,S2-701250795,S3-373072231,S3-408404189,S3-516623535,S3-880768496,S3-650907249"
S1-833662319,5,5,10,"S2-363932058,S2-474860760,S2-21378531,S2-125512879,S2-194306519,S3-139152430,S3-206452239,S3-945103458,S3-72322309,S3-613079436"
S1-994726080,4,6,10,"S2-183906376,S2-347380780,S2-50631503,S2-989568437,S3-113918021,S3-345238939,S3-247724035,S3-77847228,S3-459790751,S3-533587882"
S1-458352103,5,5,10,"S2-837429457,S2-521957826,S2-6903300,S2-18719151,S2-549655506,S3-637256279,S3-170905255,S3-213004375,S3-356458764,S3-736126800"
