feature,importance_gain
cross_name_addr_sim,5641820.683046084
min_name_addr_sim,2358112.85299412
addr_token_set,1382223.4512394168
addr_token_sort,861403.3235804992
addr_number_jaccard,685776.708198295
name_token_jaccard,626862.8845273814
name_wratio,535779.5052033078
name_fuzz_ratio,345323.14120219863
addr_fuzz_ratio,268481.37961907935
name_token_sort,221345.79459278582
addr_both_have_nums,214710.32774515153
name_token_set,185883.41204079092
addr_token_jaccard,166126.6385310634
blocker_score,140239.60808073773
name_len_diff,138021.66437770883
name_len_ratio,72777.38668811321
max_name_addr_sim,39830.87289564926
addr_number_match,29543.060359096526
is_postal,29306.00834892392
is_addr_sig,24274.877418899538
name_core_equal,21956.939143550397
same_script,19671.800302529336
is_core_name,8435.402921119638
is_exact_name,263.5294640541077
