threshold,macro_f05,macro_precision,macro_recall,singleton_accuracy
0.2,0.82206,0.86112,0.78938,0.69961
0.24,0.82962,0.87143,0.78624,0.73888
0.28,0.83574,0.88007,0.78295,0.77421
0.32,0.83994,0.88642,0.77946,0.79932
0.36,0.84275,0.89121,0.77624,0.81671
0.4,0.84489,0.89501,0.77307,0.83303
0.44,0.84666,0.89851,0.7696,0.84864
0.48,0.8486,0.90238,0.76574,0.86621
0.52,0.84973,0.90528,0.76184,0.87984
0.56,0.85043,0.90769,0.7581,0.88989
0.6,0.85084,0.90964,0.75424,0.90262
0.64,0.8508,0.91198,0.74821,0.91625
0.68,0.85009,0.91291,0.74371,0.92539
0.72,0.84901,0.91367,0.73849,0.93544
0.76,0.84693,0.91414,0.73098,0.94405
0.8,0.84398,0.91341,0.72343,0.95301
0.84,0.83961,0.91194,0.71381,0.96144
0.88,0.83326,0.90951,0.70081,0.97077
0.92,0.821,0.90315,0.67912,0.98045
