source,field,script,count,fraction
S1,name,Latin,2206821,1.0
S1,address,Latin,2206821,1.0
S1,name,NON_ASCII,0,0.0
S1,address,NON_ASCII,554,0.00025103984419216603
S2,name,Latin,4560077,0.905744747960917
S2,name,Devanagari,258863,0.05141663237077068
S2,name,Telugu,37799,0.0075078218477834255
S2,name,Kannada,35787,0.007108188588762281
S2,name,Tamil,32440,0.006443391114635158
S2,name,Gujarati,29700,0.005899158942807158
S2,name,Bengali,29497,0.0058588380921206305
S2,name,Malayalam,18062,0.0035875625866997603
S2,name,Devanagari+Latin,10561,0.002097677360100552
S2,name,Oriya,7194,0.0014289073883688448
S2,name,Gurmukhi,6417,0.0012745758564307586
S2,name,Latin+Telugu,1524,0.00030270431746929656
S2,name,Kannada+Latin,1424,0.00028284182944637686
S2,name,Latin+Tamil,1341,0.00026635596438735347
S2,name,Gujarati+Latin,1229,0.00024410997780168338
S2,name,Bengali+Latin,1226,0.0002435141031609958
S2,name,Latin+Malayalam,711,0.00014122228984295921
S2,name,Latin+Oriya,299,5.938883918852997e-05
S2,name,Gurmukhi+Latin,271,5.382734254211245e-05
S2,name,NoLetters,194,3.853322676446426e-05
S2,address,Latin,4388128,0.8715913984303868
S2,address,Devanagari+Latin,277523,0.0551229726358475
S2,address,Empty,168967,0.03356105013768677
S2,address,Kannada+Latin,38560,0.007658975381637845
S2,address,Latin+Tamil,34777,0.0069075774597307914
S2,address,Latin+Telugu,34382,0.006829120632040259
S2,address,Bengali+Latin,31770,0.006310312444881595
S2,address,Gujarati+Latin,31543,0.006265224597069568
S2,address,Latin+Malayalam,15680,0.0031144381219938124
S2,address,Gurmukhi+Latin,7129,0.001415996771153947
S2,address,Latin+Oriya,6157,0.0012229333875711673
S2,name,NON_ASCII,764608,0.15187017242228604
S2,address,NON_ASCII,478453,0.09503266982030009
S3,name,Latin,5006655,0.9472249429251497
S3,name,Devanagari,138187,0.026144036924453086
S3,name,Telugu,20088,0.0038005124486269587
S3,name,Devanagari+Latin,19816,0.0037490519057144472
S3,name,Kannada,19254,0.0036427253427849197
S3,name,Tamil,17346,0.003281744769707449
S3,name,Bengali,15863,0.0030011712949307772
S3,name,Gujarati,15746,0.002979035693751498
S3,name,Malayalam,9759,0.0018463361701588257
S3,name,Oriya,3781,0.0007153393851184056
S3,name,Gurmukhi,3606,0.0006822305799357235
S3,name,Latin+Telugu,2945,0.0005571738929314214
S3,name,Kannada+Latin,2741,0.0005185784857470378
S3,name,Latin+Tamil,2444,0.00046238811352271444
S3,name,Bengali+Latin,2281,0.000431549626409702
S3,name,Gujarati+Latin,2274,0.0004302252742023947
S3,name,Latin+Malayalam,1357,0.00025673513504514056
S3,name,Latin+Oriya,536,0.00010140754044524344
S3,name,Gurmukhi+Latin,500,9.459658623623454e-05
S3,name,NoLetters,423,8.002871195585442e-05
S3,name,Empty,1,1.8919317247246908e-07
S3,address,Latin,4633909,0.8767039446587267
S3,address,Devanagari+Latin,275815,0.05218231486549406
S3,address,Empty,175916,0.033282106128666875
S3,address,Kannada+Latin,38965,0.007371911965389758
S3,address,Latin+Tamil,34966,0.006615328468672354
S3,address,Latin+Telugu,34319,0.006492920486082666
S3,address,Gujarati+Latin,31508,0.005961098478262556
S3,address,Bengali+Latin,31447,0.005949557694741735
S3,address,Latin+Malayalam,15375,0.002908845026764212
S3,address,Gurmukhi+Latin,7195,0.0013612448759394151
S3,address,Latin+Oriya,6101,0.0011542675452545339
S3,address,Devanagari,46,8.702885933733578e-06
S3,address,Tamil,12,2.270318069669629e-06
S3,address,Gujarati,9,1.7027385522522217e-06
S3,address,Kannada,9,1.7027385522522217e-06
S3,address,Telugu,5,9.459658623623454e-07
S3,address,Malayalam,4,7.567726898898763e-07
S3,address,Oriya,1,1.8919317247246908e-07
S3,address,Bengali,1,1.8919317247246908e-07
S3,name,NON_ASCII,606736,0.114790308693256
S3,address,NON_ASCII,476589,0.09016738487548157
