business_name,count
Primary Care,320
Physical Therapy,307
Womens Health,297
Urgent Care,297
Behavioral Health,296
Internal Medicine,288
Pediatric Dentistry,274
earnosethroat.com,269
Pediatric Dental,268
Ear Nose & Throat,220
Foot & Ankle,200
The Dent,197
Main Street,192
Commission on,189
Straight Edge,172
Meridian,158
Office of,157
Back Alley,155
Bureau of,149
Board of,143
Department of,138
Human Rights,133
Eye Group,131
Division of,126
Animal Welfare,123
Family Center,121
Economic Development,121
Rev It Up,110
Autism Assistance,110
Asset Building,108
revitup.com,102
Dermatology Care,101
Lynx,98
footankle.com,92
Eye Care,90
Orthopedic Care,89
Cardiology Care,89
Cascade,87
Pediatric Group,87
Halcyon,87
Sapphire,86
Urology Care,86
Eye Partners,85
Orthopedic Center,84
Pediatric Care,84
Kestrel,83
Dermatology Center,83
earnose.com,82
Oncology Care,82
Dental Group,82
Helios,81
New Life,81
Granite,81
Citadel,81
Chiropractic Care,80
Family Care,80
Orthopedic Group,80
Chiropractic Group,80
Everest,80
Anchor,79
PHYSICAL THERAPY,79
Oncology Partners,79
EARNOSETHROAT.COM,79
Titan,79
New Delhi,79
Juniper,78
Equinox,78
Vision Group,78
Ironclad,77
Surgical Care,77
PRIMARY CARE,77
Family Group,76
Apex,76
Compass,76
Dental Center,76
Vision Care,75
Osprey,75
Oncology Group,75
Dental Care,75
Dental Partners,74
Sterling,74
Vision Partners,74
Pinnacle,74
Ember,74
Pediatric Partners,74
Birch,74
Cardiology Associates,74
Eye Center,73
Aurora,73
Dermatology Group,73
Cornerstone,73
Cedar,73
WOMENS HEALTH,72
Urology Center,72
Orthopedic Partners,72
Cardiology Center,71
Dermatology Clinic,71
Chiropractic Center,71
Cinder,71
Cardiology Group,71
