business_address_normalized,count
17200 bell rd surprise az,19
1948 weaver forest way morrisville nc,19
842 38 caledonai township wi,18
3710 goldfield rd apache junction az,18
66 frank edge alto tx,17
302 regency ct ames ia,16
400 congress st portland me,16
06252 taliaferro way aleandria va,16
908 power road mesa desert az,16
55 500 salt lake city ut,16
1105 m null birmingham al,16
1110 henness road casa grande az,16
g 58 1 benson cross road bangalore karnataka,16
53 57 valley vu condo new milford ct,15
1 corning tower albany ny,15
2782 330 burnet tx,15
8820 pendleton pike indianapolis in,15
5335 fm 2412 gatesville tx,15
007826 jacqueline way white city or,14
701 barberry spur avenue delaware oh,14
2761 1 2 2 1 2 yuma az,14
3401 150 milan in,14
200 salt lake city ut,14
7105 163th pl vancouver wa,14
20 todds way easton twnship ct,14
1036 154 new brockton al,14
24818 lazy way tomball tx,14
2702 963 burnet tx,14
12 1 331 c 1 dattatreya colony asif nagar hyderabad telangana,14
sona banana suppliersnear dattamandir at post raver jalgaon maharashtra,14
502 blue lagoon apartment 36 36 f1 water front road kadavanthra ernakulam kerala,14
3503 hwy 52 pelham al,13
hold plot no 141 opp lemontree premier po gpo ps gandhi maidan exhibition road patna bihar,13
gr floor shop no 08 goyal arcade next to ostwal avenue s h no 299 6 ramdev park road east thane thane maharashtra,13
4579 775 montgomery in,13
12015 marine drive marysville wa,13
300 swift ave durham nc,13
506 ehorn chewealh wa,13
b 17 3 bhikaji cama place new delhi delhi,13
w00738 hy 88 mondovi wi,13
5267 hwy 124 null center ridge ar,13
580 800 ossian in,13
110 2224 salem al,13
9215 seven hills curve mobile al,13
3285 gould way sacramento ca,13
flat no b2ii block b 3rd phase janapriya arcadia kowkoor near alwal and bolarum checkpost hyderabad andhra pradesh,13
2673 falling star way camillus ny,13
660 county road 421 evant tx,13
6556 cr 707 brazoria tx,13
729 pratt st baltimore md,13
908 power rd mesa desert az,13
6169 river breeze way leland nc,13
3735 las pasas way sarcamento city ca,13
300 salt lake city ut,13
1 kolkata howrah west bengal,13
2199 hwy 75 waverly ks,13
6824 490 n a east bernstadt ky,13
314 221a forest city nc,13
4157 hwy 65 clinton ar,13
85 india row boston ma,12
114 tara rd lake ozark mo,12
400 salt lake city ut,12
59 water st sandwich ma,12
55 the betweens null higdencity ar,12
block c 241 b 55 3rd floor antriksh apartment rohini sec 14 north west delhi delhi,12
365 1400 n mancheter in,12
8 kolkata howrah west bengal,12
12600 charles farm cir louisville ky,12
226 r st washington dc,12
3230 rolling meadow way cleveland tn,12
15740 broadway portland or,12
18001 barleycorn way germantown md,12
1316 lantern way morehead city nc,12
4804a gardenia avenue glendale az,12
140 connor s way lymn wy,12
no 5 chennai tamil nadu,12
1335 1337 2300 north logan ut,12
w8046 23 town of lamartine wi,12
280 200 salt lake city ut,12
h no 44 sec 49 fbd faridabad haryana,12
822 santa bernadetta houston tx,12
441 stone wynde dr louisville ky,12
3977 eastway loop anchorage ak,12
471 shephard road batavia oh,12
3687 burgo kingman az,12
17200 bell road surprise az,12
9944 monte way newburgh in,12
8355 fairmount ave scottsdale az,12
r2 1533 village deora khatkhari tahsil hanumana rewa madhya pradesh,12
2538d 3850 w valley citty ut,12
pno 17 12 d1 block midc pune city maharashtra,12
906 merlin roost katy tx,12
10 alamo cv poteet tx,12
561 sycamore hills loop gordonville tx,12
212 beyer ct ames ia,12
900 salt lake city ut,12
block d 491 plot no 5d 1411 sector 10 cda markat nagar cuttack odisha,12
floor mumbai maharashtra,12
4393 chasteen rd deputy in,12
333 court ave selmer tn,12
